Playlist,Source File,Source Row,Track URI,Track Name,Artist URI(s),Artist Name(s),Album URI,Album Name,Album Artist URI(s),Album Artist Name(s),Album Release Date,Album Image URL,Disc Number,Track Number,Track Duration (ms),Track Preview URL,Explicit,Popularity,ISRC,Added By,Added At
Dub Techno,dub_techno.csv,2,spotify:track:6JldGnspZOA5cCgsYNgcxS,Juxtaposition,spotify:artist:36Tv6NKXzENSLi72SfVrax,Schulz Audio,spotify:album:2Rs47x4FwyMKLhQnpViNNi,Short Of Stable,spotify:artist:36Tv6NKXzENSLi72SfVrax,Schulz Audio,2022-10-28,https://i.scdn.co/image/ab67616d0000b273e64240588e8a83d48740ea02,1,4,287068,https://p.scdn.co/mp3-preview/25d46ee5623c9ce16960e6cebff6c6477595103c?cid=9950ac751e34487dbbe027c4fd7f8e99,false,23,LTE232200122,spotify:user:31y34xgrkog23dmdfnzkikfstojq,2025-04-24T06:48:15Z
Dub Techno,dub_techno.csv,3,spotify:track:4J5JQ3xfGZGkxa78b1x9Dn,Dawn,spotify:artist:7iVGJlT8IYlQC9o21K77sP,Faserklang,spotify:album:45QVsvEWNzwrE4cQiA6Lb3,Nu Ways,spotify:artist:7iVGJlT8IYlQC9o21K77sP,Faserklang,2022-02-25,https://i.scdn.co/image/ab67616d0000b273c69ed066e809ec5f04324fdb,1,3,452000,https://p.scdn.co/mp3-preview/65635e9301ce860a6035b000a79c0829a21a7dd0?cid=9950ac751e34487dbbe027c4fd7f8e99,false,13,DEH742202163,spotify:user:31y34xgrkog23dmdfnzkikfstojq,2025-04-24T06:48:48Z
Dub Techno,dub_techno.csv,4,spotify:track:0bMrTtCFkVat3wWJnwTi7N,Slunce Radar,spotify:artist:2e191JMg4nwiwIYoaBwEFo,Sraunus,spotify:album:5DBiqqcVqPnxLxAbc34nZv,Ruodo EP,spotify:artist:2e191JMg4nwiwIYoaBwEFo,Sraunus,2019-08-19,https://i.scdn.co/image/ab67616d0000b27335cec20ec42020b5a869a423,1,2,411539,https://p.scdn.co/mp3-preview/c6fbc3185534b4dfbc950d50f012e45cccd1903a?cid=9950ac751e34487dbbe027c4fd7f8e99,false,19,GBKQU1967408,spotify:user:31y34xgrkog23dmdfnzkikfstojq,2025-04-24T06:48:56Z
Dub Techno,dub_techno.csv,5,spotify:track:5DfD84cySPpbRdmoxEwQnc,Smoke Spring,spotify:artist:38zfjwWSt5995vjlOcQ0ed,Mr. Cloudy,spotify:album:3HznjMN5yZv1UvKK4nJipe,Cloudy Tracks 2,spotify:artist:38zfjwWSt5995vjlOcQ0ed,Mr. Cloudy,2016-01-12,https://i.scdn.co/image/ab67616d0000b273e66b86842c23207be40865d7,1,1,233748,https://p.scdn.co/mp3-preview/c902d628333d8fbe6f63ac48752df062896fb68b?cid=9950ac751e34487dbbe027c4fd7f8e99,false,20,BGA471533309,spotify:user:31y34xgrkog23dmdfnzkikfstojq,2025-04-24T06:49:04Z
Dub Techno,dub_techno.csv,6,spotify:track:7uNXqZVr44M0Af8LjWSzsz,Dry Breakfasts,spotify:artist:38zfjwWSt5995vjlOcQ0ed,Mr. Cloudy,spotify:album:3HznjMN5yZv1UvKK4nJipe,Cloudy Tracks 2,spotify:artist:38zfjwWSt5995vjlOcQ0ed,Mr. Cloudy,2016-01-12,https://i.scdn.co/image/ab67616d0000b273e66b86842c23207be40865d7,1,5,314000,https://p.scdn.co/mp3-preview/869c72feaae12422192f74daf269f1b83ab070b7?cid=9950ac751e34487dbbe027c4fd7f8e99,false,1,BGA471533313,spotify:user:31y34xgrkog23dmdfnzkikfstojq,2025-04-24T06:49:41Z
Dub Techno,dub_techno.csv,7,spotify:track:02YDN7TtUApAa10RwtWB1A,White Rain,spotify:artist:38zfjwWSt5995vjlOcQ0ed,Mr. Cloudy,spotify:album:3HznjMN5yZv1UvKK4nJipe,Cloudy Tracks 2,spotify:artist:38zfjwWSt5995vjlOcQ0ed,Mr. Cloudy,2016-01-12,https://i.scdn.co/image/ab67616d0000b273e66b86842c23207be40865d7,1,8,418284,https://p.scdn.co/mp3-preview/6b3b593cdafe9c31c484884ce4a23f0c45916604?cid=9950ac751e34487dbbe027c4fd7f8e99,false,2,BGA471533316,spotify:user:31y34xgrkog23dmdfnzkikfstojq,2025-04-24T06:49:56Z
Dub Techno,dub_techno.csv,8,spotify:track:0LwOtv0IfyJ0kdOvsPrzL9,Chiba,spotify:artist:6GdPTOUFnELWOlpcCRvrdZ,Andreiclv,spotify:album:0RIXGeAUyFNQbGt5w7fROw,Cityscapes EP,spotify:artist:6GdPTOUFnELWOlpcCRvrdZ,Andreiclv,2015-09-14,https://i.scdn.co/image/ab67616d0000b273f57ccdd23cdfe0ef82b50e07,1,2,522240,https://p.scdn.co/mp3-preview/f52ce83722c2e4c1bb1db4f392d42d11e57937cc?cid=9950ac751e34487dbbe027c4fd7f8e99,false,22,GBKQU2053212,spotify:user:31y34xgrkog23dmdfnzkikfstojq,2025-04-24T06:50:20Z
Dub Techno,dub_techno.csv,9,spotify:track:2yP3fR4qSkzneNISmXt00F,Food Courts,spotify:artist:6GdPTOUFnELWOlpcCRvrdZ,Andreiclv,spotify:album:0RIXGeAUyFNQbGt5w7fROw,Cityscapes EP,spotify:artist:6GdPTOUFnELWOlpcCRvrdZ,Andreiclv,2015-09-14,https://i.scdn.co/image/ab67616d0000b273f57ccdd23cdfe0ef82b50e07,1,4,312000,https://p.scdn.co/mp3-preview/638550e3850a3aaee29f99352ebba9212c264cb3?cid=9950ac751e34487dbbe027c4fd7f8e99,false,13,GBKQU2053214,spotify:user:31y34xgrkog23dmdfnzkikfstojq,2025-04-24T06:50:33Z
Dub Techno,dub_techno.csv,10,spotify:track:4cNzR9qeeTLUYpG4KMHEmT,Silk Dub,spotify:artist:3hwmrS8MSceZwnZYvZFf97,Move D,spotify:album:4oxkaYrOOZh6b3OTGFo6n4,Compost Black Label #14,spotify:artist:3hwmrS8MSceZwnZYvZFf97,Move D,2006-10-20,https://i.scdn.co/image/ab67616d0000b273a90965da6e22392d0567fd13,1,4,305733,https://p.scdn.co/mp3-preview/88e72b53740e8fbd034faaa4c6de317536665f11?cid=9950ac751e34487dbbe027c4fd7f8e99,false,42,DEM090600122,spotify:user:31y34xgrkog23dmdfnzkikfstojq,2025-04-24T06:50:48Z
Dub Techno,dub_techno.csv,11,spotify:track:0E3EyWoyWxvlGfzTG1typC,Vibra,spotify:artist:1MHqWkB6mHZcnRNYo6MGEu,Mathimidori,spotify:album:3ZiaeVZGPNCVSdVk2YkXCD,Echocord - 20 Years,spotify:artist:0LyfQWJT6nXafLPZqxe9Of,Various Artists,2021-11-26,https://i.scdn.co/image/ab67616d0000b2734daaf97d573fdf412e26fb0a,1,2,401890,https://p.scdn.co/mp3-preview/e715b17f6dd42ed4990cec2d470d5a8c0531702b?cid=9950ac751e34487dbbe027c4fd7f8e99,false,25,DEU672101800,spotify:user:31y34xgrkog23dmdfnzkikfstojq,2025-04-24T06:51:18Z
Dub Techno,dub_techno.csv,12,spotify:track:0HAdOdHyT8xhg8TvZe2Jnm,Libel Ann,spotify:artist:7E9xpK1KYJy7Gg5fyuucfh,Simon Spe,spotify:album:3XZ5gwWgiPJF0NOso7RYP6,Nala Tapat - EP,spotify:artist:7E9xpK1KYJy7Gg5fyuucfh,Simon Spe,2016-04-27,https://i.scdn.co/image/ab67616d0000b2733dc273ee84ff72892913ce0a,1,1,364000,https://p.scdn.co/mp3-preview/802e9278f386adceacdc8662486d0236065a8751?cid=9950ac751e34487dbbe027c4fd7f8e99,false,16,DEAR41620662,spotify:user:31y34xgrkog23dmdfnzkikfstojq,2025-04-24T06:51:20Z
Dub Techno,dub_techno.csv,13,spotify:track:3dhyPQeO6G4EoRw9eHa28o,Elvism,spotify:artist:3x3wGSv3Xm8xtgXNe6hq99,burger/ink,spotify:album:2e9288yxNdFTCKO6MitcDy,Las Vegas,spotify:artist:3x3wGSv3Xm8xtgXNe6hq99,burger/ink,1996-01-01,https://i.scdn.co/image/ab67616d0000b273ed58ddd7a7ef071ae8743563,1,2,314426,https://p.scdn.co/mp3-preview/7284f27130375802f3388ac9fded4fe420bdd455?cid=9950ac751e34487dbbe027c4fd7f8e99,false,39,DEA349600574,spotify:user:31y34xgrkog23dmdfnzkikfstojq,2025-04-24T06:52:01Z
Dub Techno,dub_techno.csv,14,spotify:track:0hyYhGMrqMJBzuwRZAvELk,Twelve Miles High,spotify:artist:3x3wGSv3Xm8xtgXNe6hq99,burger/ink,spotify:album:2e9288yxNdFTCKO6MitcDy,Las Vegas,spotify:artist:3x3wGSv3Xm8xtgXNe6hq99,burger/ink,1996-01-01,https://i.scdn.co/image/ab67616d0000b273ed58ddd7a7ef071ae8743563,1,4,682906,https://p.scdn.co/mp3-preview/9e71300a75609f252c0cd07e0999236aa616c69a?cid=9950ac751e34487dbbe027c4fd7f8e99,false,33,DEA349600576,spotify:user:31y34xgrkog23dmdfnzkikfstojq,2025-04-24T06:52:25Z
Dub Techno,dub_techno.csv,15,spotify:track:4eEsyrxExdqBmJThG8674k,Love Is The Drug (Paris Texas),spotify:artist:3x3wGSv3Xm8xtgXNe6hq99,burger/ink,spotify:album:2e9288yxNdFTCKO6MitcDy,Las Vegas,spotify:artist:3x3wGSv3Xm8xtgXNe6hq99,burger/ink,1996-01-01,https://i.scdn.co/image/ab67616d0000b273ed58ddd7a7ef071ae8743563,1,8,661640,https://p.scdn.co/mp3-preview/bd462eb3e0a10d43cdc6cb84969b52c2e3419580?cid=9950ac751e34487dbbe027c4fd7f8e99,false,18,DEA349600580,spotify:user:31y34xgrkog23dmdfnzkikfstojq,2025-04-24T06:52:49Z
Dub Techno,dub_techno.csv,16,spotify:track:3UbfbNE8a2R36B9LLQ8mah,Some Kind Of Up And Down Yes,spotify:artist:6hjRjVNLWTCPYci9nxhI1G,efdemin,spotify:album:7tjUFmdXzjzAFzs10mGGvL,Decay,spotify:artist:6hjRjVNLWTCPYci9nxhI1G,efdemin,2014-03-31,https://i.scdn.co/image/ab67616d0000b2732e8f08f3495a5b8b267994ed,1,1,358058,https://p.scdn.co/mp3-preview/5b15f03e7a6b6fc6e641ca180dec625ab241a8bc?cid=9950ac751e34487dbbe027c4fd7f8e99,false,25,DEU671401037,spotify:user:31y34xgrkog23dmdfnzkikfstojq,2025-04-24T06:53:12Z
Dub Techno,dub_techno.csv,17,spotify:track:6kzR5D4xYpVepHW2NY3mWv,Track 93,spotify:artist:6hjRjVNLWTCPYci9nxhI1G,efdemin,spotify:album:7tjUFmdXzjzAFzs10mGGvL,Decay,spotify:artist:6hjRjVNLWTCPYci9nxhI1G,efdemin,2014-03-31,https://i.scdn.co/image/ab67616d0000b2732e8f08f3495a5b8b267994ed,1,7,308968,https://p.scdn.co/mp3-preview/4565b58d09661aff5a85b39cafeeb7f77eae652c?cid=9950ac751e34487dbbe027c4fd7f8e99,false,7,DEU671401043,spotify:user:31y34xgrkog23dmdfnzkikfstojq,2025-04-24T06:54:13Z
Dub Techno,dub_techno.csv,18,spotify:track:7eIIV93xHU6odccCn9WU4A,Fall Into Oblivion,spotify:artist:1hjNDDzz7GzmceHSWgWdck,Quantec,spotify:album:183YlFZ9H0uHv60lP49lod,Cauldron Subsidence,spotify:artist:1hjNDDzz7GzmceHSWgWdck,Quantec,2009-10-12,https://i.scdn.co/image/ab67616d0000b2736a1757deb686db911b102570,1,4,382656,https://p.scdn.co/mp3-preview/8e6a5bff0c416e29d1d68240548a5bd108716e15?cid=9950ac751e34487dbbe027c4fd7f8e99,false,41,DEU670901285,spotify:user:31y34xgrkog23dmdfnzkikfstojq,2025-04-24T06:55:21Z
Dub Techno,dub_techno.csv,19,spotify:track:0x9orLuQmJvEu6a9OpUear,Space Age Mythology,spotify:artist:6ZX4eVTPQBJ7q0cIShOmKD,Rod Modell,spotify:album:6NArBSMqhCACLz6B7OvmcX,Sacred Geometry,spotify:artist:6ZX4eVTPQBJ7q0cIShOmKD,Rod Modell,2004,https://i.scdn.co/image/ab67616d0000b2739851a2c7f60f2885cb0ca682,1,2,319440,https://p.scdn.co/mp3-preview/9a1dc99e297123a40783e2fa91ad6ac15a7cda48?cid=9950ac751e34487dbbe027c4fd7f8e99,false,25,DEU671501214,spotify:user:31y34xgrkog23dmdfnzkikfstojq,2025-04-24T06:55:30Z
Dub Techno,dub_techno.csv,20,spotify:track:2y42RUfrhvGuqzB5cbmrui,Psychic Attack,spotify:artist:6ZX4eVTPQBJ7q0cIShOmKD,Rod Modell,spotify:album:6NArBSMqhCACLz6B7OvmcX,Sacred Geometry,spotify:artist:6ZX4eVTPQBJ7q0cIShOmKD,Rod Modell,2004,https://i.scdn.co/image/ab67616d0000b2739851a2c7f60f2885cb0ca682,1,1,366106,https://p.scdn.co/mp3-preview/0c75f7f397927646771bfb76ca75b6fc5e566372?cid=9950ac751e34487dbbe027c4fd7f8e99,false,30,DEU671501213,spotify:user:31y34xgrkog23dmdfnzkikfstojq,2025-04-24T06:55:45Z
Dub Techno,dub_techno.csv,21,spotify:track:3mAIk4DuwKLEE5jxFoySxD,Syria,spotify:artist:6ZX4eVTPQBJ7q0cIShOmKD,Rod Modell,spotify:album:6NArBSMqhCACLz6B7OvmcX,Sacred Geometry,spotify:artist:6ZX4eVTPQBJ7q0cIShOmKD,Rod Modell,2004,https://i.scdn.co/image/ab67616d0000b2739851a2c7f60f2885cb0ca682,1,4,320946,https://p.scdn.co/mp3-preview/732aa9ad64ae66b04198f4ad9635b080fab6e966?cid=9950ac751e34487dbbe027c4fd7f8e99,false,20,DEU671501216,spotify:user:31y34xgrkog23dmdfnzkikfstojq,2025-04-24T06:55:56Z
Dub Techno,dub_techno.csv,22,spotify:track:4WOmFmr0FVQyhVji655Io5,Kingston,spotify:artist:6ZX4eVTPQBJ7q0cIShOmKD,Rod Modell,spotify:album:54DISapbGDCL9c01qJKE5k,Kettle Point,spotify:artist:6ZX4eVTPQBJ7q0cIShOmKD,Rod Modell,2003,https://i.scdn.co/image/ab67616d0000b2739b79da194b2bbaf78bc59aa4,1,1,365946,https://p.scdn.co/mp3-preview/ffad19d5eaf33813ac1ab7f53bab598a8d7020ab?cid=9950ac751e34487dbbe027c4fd7f8e99,false,35,DEU671501202,spotify:user:31y34xgrkog23dmdfnzkikfstojq,2025-04-24T06:56:07Z
Dub Techno,dub_techno.csv,23,spotify:track:1JRptcymsOx9s7JtXMVdz3,Avionics,spotify:artist:6ZX4eVTPQBJ7q0cIShOmKD,Rod Modell,spotify:album:6NArBSMqhCACLz6B7OvmcX,Sacred Geometry,spotify:artist:6ZX4eVTPQBJ7q0cIShOmKD,Rod Modell,2004,https://i.scdn.co/image/ab67616d0000b2739851a2c7f60f2885cb0ca682,1,3,375186,https://p.scdn.co/mp3-preview/30c9b8ea2fc2fc9f1ab5b8e26bffe6eb7c5341c8?cid=9950ac751e34487dbbe027c4fd7f8e99,false,23,DEU671501215,spotify:user:31y34xgrkog23dmdfnzkikfstojq,2025-04-24T06:56:28Z
Dub Techno,dub_techno.csv,24,spotify:track:2D6W4ppSPy6n2cZYqhkWeA,Rain,spotify:artist:6ZX4eVTPQBJ7q0cIShOmKD,Rod Modell,spotify:album:54DISapbGDCL9c01qJKE5k,Kettle Point,spotify:artist:6ZX4eVTPQBJ7q0cIShOmKD,Rod Modell,2003,https://i.scdn.co/image/ab67616d0000b2739b79da194b2bbaf78bc59aa4,1,4,284253,https://p.scdn.co/mp3-preview/fd9d54651c0fabb3d666f46d331e0c3f5a45fcf8?cid=9950ac751e34487dbbe027c4fd7f8e99,false,28,DEU671501205,spotify:user:31y34xgrkog23dmdfnzkikfstojq,2025-04-24T06:57:35Z
Dub Techno,dub_techno.csv,25,spotify:track:6Py6ERVoAbMCwQhTatlluh,Tendency,spotify:artist:6Bpr6Jvb2Ic7WlzPD9EPJT,Jan Jelinek,spotify:album:6UK4EMYa7by9xwU4eeAoE4,Loop-Finding-Jazz-Records,spotify:artist:6Bpr6Jvb2Ic7WlzPD9EPJT,Jan Jelinek,2001-01-01,https://i.scdn.co/image/ab67616d0000b273dee13a12a637e206cebcdf38,1,5,441226,https://p.scdn.co/mp3-preview/5b0afa32c3c7783065c16539da51b09f9d969566?cid=9950ac751e34487dbbe027c4fd7f8e99,false,41,DELA21100117,spotify:user:31y34xgrkog23dmdfnzkikfstojq,2025-04-24T07:02:58Z
Dub Techno,dub_techno.csv,26,spotify:track:2ijovzJ7LaHM14slhZnF8R,Inside Out - Original Mix,"spotify:artist:71kkhjMQaBhqEkIRztkX8F, spotify:artist:04IP8h8hXEvNl4T0OMOBOB","Pedro aguiar, Himan",spotify:album:0YHLWYfYg9luNSJ7Bk6fTD,Rocket Science EP,"spotify:artist:71kkhjMQaBhqEkIRztkX8F, spotify:artist:04IP8h8hXEvNl4T0OMOBOB","Pedro aguiar, Himan",2014-05-19,https://i.scdn.co/image/ab67616d0000b273a19ac347192430c85300668a,1,4,321391,https://p.scdn.co/mp3-preview/92fa108915ab8e7769c0d9ac110fddb397ee6a0f?cid=9950ac751e34487dbbe027c4fd7f8e99,false,0,ITBB61400034,spotify:user:31y34xgrkog23dmdfnzkikfstojq,2025-04-24T07:04:09Z
Dub Techno,dub_techno.csv,27,spotify:track:2RBh7DZLG6ZHsY0HqElN2m,Record Legs - Original Mix,"spotify:artist:71kkhjMQaBhqEkIRztkX8F, spotify:artist:04IP8h8hXEvNl4T0OMOBOB","Pedro aguiar, Himan",spotify:album:0YHLWYfYg9luNSJ7Bk6fTD,Rocket Science EP,"spotify:artist:71kkhjMQaBhqEkIRztkX8F, spotify:artist:04IP8h8hXEvNl4T0OMOBOB","Pedro aguiar, Himan",2014-05-19,https://i.scdn.co/image/ab67616d0000b273a19ac347192430c85300668a,1,1,443697,https://p.scdn.co/mp3-preview/5fe0a2f628f21ea7713ea94b544ee50aefbc78d2?cid=9950ac751e34487dbbe027c4fd7f8e99,false,2,ITBB61400031,spotify:user:31y34xgrkog23dmdfnzkikfstojq,2025-04-24T07:04:19Z
Dub Techno,dub_techno.csv,28,spotify:track:3r3zopB5MfUZEmOSjXB4pb,Sju,spotify:artist:75UqV2f5WRR6HeMq5VWX5F,Evigt Mörker,spotify:album:52vmQJp51ExZFD9aOmyBcg,Enande Måne,spotify:artist:75UqV2f5WRR6HeMq5VWX5F,Evigt Mörker,2021-03-19,https://i.scdn.co/image/ab67616d0000b2733c978cdd23935e398990715b,1,4,371554,https://p.scdn.co/mp3-preview/50341a0d4fa24dd0c89837026bfeb304923b0c4d?cid=9950ac751e34487dbbe027c4fd7f8e99,false,12,SE4VM2100104,spotify:user:31y34xgrkog23dmdfnzkikfstojq,2025-04-24T07:05:31Z
Dub Techno,dub_techno.csv,29,spotify:track:6emnGH4s57e8yMWdUOdcmc,Come Into My Space,spotify:artist:7gnVQgU8hdW6wwl5lUERZY,Helly Larson,spotify:album:5Z6f2ZAY0Bfz4ZW6j7iNrC,My Mind,spotify:artist:7gnVQgU8hdW6wwl5lUERZY,Helly Larson,2016-06-17,https://i.scdn.co/image/ab67616d0000b2738ec271ec32193337ff719d9e,1,2,345123,https://p.scdn.co/mp3-preview/e44bde68764fa431f09ccc50fd1a4326e6604a79?cid=9950ac751e34487dbbe027c4fd7f8e99,false,20,DEAZ31650159,spotify:user:31y34xgrkog23dmdfnzkikfstojq,2025-04-24T07:06:38Z
Dub Techno,dub_techno.csv,30,spotify:track:1fvHJJ7Ai2obOE36aKPcgQ,Force X,spotify:artist:6EFW97xZ8UyegVYNJ2fJtg,Anton Kubikov,spotify:album:7uS17P6U8ebrZ5x6eiMvWV,Force X EP,spotify:artist:6EFW97xZ8UyegVYNJ2fJtg,Anton Kubikov,2022-01-28,https://i.scdn.co/image/ab67616d0000b27339276f776406970713d6e65a,1,1,466396,https://p.scdn.co/mp3-preview/22ffe439df543fb6cdfde2d3cde66f8287b80c27?cid=9950ac751e34487dbbe027c4fd7f8e99,false,15,DETO32200002,spotify:user:31y34xgrkog23dmdfnzkikfstojq,2025-04-24T07:06:55Z
Dub Techno,dub_techno.csv,31,spotify:track:3pSqpZVTb8X2FSsjQkAYa5,Ruoduo,spotify:artist:2e191JMg4nwiwIYoaBwEFo,Sraunus,spotify:album:5DBiqqcVqPnxLxAbc34nZv,Ruodo EP,spotify:artist:2e191JMg4nwiwIYoaBwEFo,Sraunus,2019-08-19,https://i.scdn.co/image/ab67616d0000b27335cec20ec42020b5a869a423,1,1,584000,https://p.scdn.co/mp3-preview/366d563a9b20007bff576d2b26e72901e7c5e7c5?cid=9950ac751e34487dbbe027c4fd7f8e99,false,19,GBKQU1967407,spotify:user:31y34xgrkog23dmdfnzkikfstojq,2025-04-24T07:07:18Z
Dub Techno,dub_techno.csv,32,spotify:track:6atpFOTu7XKDfdkNsziI1r,Oct,spotify:artist:2e191JMg4nwiwIYoaBwEFo,Sraunus,spotify:album:5qeb3K2hTto9jd2SxZ9Hty,Atmospheric Insomnia,spotify:artist:2e191JMg4nwiwIYoaBwEFo,Sraunus,2019-04-18,https://i.scdn.co/image/ab67616d0000b273682ecf7dc73398fd3b860888,1,3,554500,https://p.scdn.co/mp3-preview/41f53862a958f188672d901587ea65bcee5309d0?cid=9950ac751e34487dbbe027c4fd7f8e99,false,15,LTE231700012,spotify:user:31y34xgrkog23dmdfnzkikfstojq,2025-04-24T07:08:28Z
Dub Techno,dub_techno.csv,33,spotify:track:6QfEfjObA7QW7MsFojWStF,Plotstopper,spotify:artist:36Tv6NKXzENSLi72SfVrax,Schulz Audio,spotify:album:55U0a82l0xLq54tYWrbnyT,Looms,spotify:artist:36Tv6NKXzENSLi72SfVrax,Schulz Audio,2016-07-25,https://i.scdn.co/image/ab67616d0000b273ae50dd484266e7333d0ec060,1,1,346922,https://p.scdn.co/mp3-preview/bcbff99dd1e0dab488725f85e5879218f0e7abce?cid=9950ac751e34487dbbe027c4fd7f8e99,false,19,DEH741641360,spotify:user:31y34xgrkog23dmdfnzkikfstojq,2025-04-24T07:08:48Z
Dub Techno,dub_techno.csv,34,spotify:track:1EaCXWa3UOZiAWH2fFpEv7,Grounded,spotify:artist:7ozDPWpDgZBZwEbx8QsOGz,Zoltan Ban,spotify:album:0qUigjHudl6aKbTZkLwPZn,Meadow,spotify:artist:7ozDPWpDgZBZwEbx8QsOGz,Zoltan Ban,2017-03-28,https://i.scdn.co/image/ab67616d0000b273006c29b448f266732768717e,1,1,558442,https://p.scdn.co/mp3-preview/3c3d7c888fa1da486b55740650b60b6c08004e8f?cid=9950ac751e34487dbbe027c4fd7f8e99,false,12,US83Z1771347,spotify:user:31y34xgrkog23dmdfnzkikfstojq,2025-04-24T07:08:56Z
Dub Techno,dub_techno.csv,35,spotify:track:0kQCRbY7r230IsKiyNffmY,Renanscence,spotify:artist:1hjNDDzz7GzmceHSWgWdck,Quantec,spotify:album:76haZ9XtYy8UYTgdF5bOQ7,Unusual Signals,spotify:artist:1hjNDDzz7GzmceHSWgWdck,Quantec,2008,https://i.scdn.co/image/ab67616d0000b273df2c1b426d1068c394a9ae89,1,9,362506,https://p.scdn.co/mp3-preview/bacc1bc7d16fab94fb0dd1ede4dc22202d94dde2?cid=9950ac751e34487dbbe027c4fd7f8e99,false,28,DEU671501290,spotify:user:31y34xgrkog23dmdfnzkikfstojq,2025-04-24T07:09:00Z
Dub Techno,dub_techno.csv,36,spotify:track:1SBuvZA3ZhrXrWURj3PDC4,Filament,spotify:artist:36Tv6NKXzENSLi72SfVrax,Schulz Audio,spotify:album:5QtBgiMyV0dqqnqkMoIMvi,Laniakea,spotify:artist:36Tv6NKXzENSLi72SfVrax,Schulz Audio,2017-11-24,https://i.scdn.co/image/ab67616d0000b27314020272d8565df4fc488151,1,1,310590,https://p.scdn.co/mp3-preview/83db0fc184c0ce775778f54e497df0777958d502?cid=9950ac751e34487dbbe027c4fd7f8e99,false,16,DEH741716141,spotify:user:31y34xgrkog23dmdfnzkikfstojq,2025-04-24T07:09:52Z
Dub Techno,dub_techno.csv,37,spotify:track:6UqZOEHDSrpwy73QjaDVKy,Quarks,spotify:artist:36Tv6NKXzENSLi72SfVrax,Schulz Audio,spotify:album:55U0a82l0xLq54tYWrbnyT,Looms,spotify:artist:36Tv6NKXzENSLi72SfVrax,Schulz Audio,2016-07-25,https://i.scdn.co/image/ab67616d0000b273ae50dd484266e7333d0ec060,1,3,509653,https://p.scdn.co/mp3-preview/606e2a8240443e6edd2542aca8fd2e3e81d5c258?cid=9950ac751e34487dbbe027c4fd7f8e99,false,16,DEH741641362,spotify:user:31y34xgrkog23dmdfnzkikfstojq,2025-04-24T07:10:14Z
Dub Techno,dub_techno.csv,38,spotify:track:5lWsYPnTDyz8d0WcIaVBJ5,Oz,spotify:artist:2XAX9oZzjmpUTKPlmSPkSd,Federsen,spotify:album:0kDkrsX19g3AT9ECbhy658,Espectrum: The Avantroots Dub Techno Compilation,"spotify:artist:45g23Apmqo2x4obM7LjmpW, spotify:artist:5mygQWZRAK5vOhxZMiq6yA, spotify:artist:5TkowXlIfYZJPGnnu5mXpA","Deepchord, Pulshar, Beat Pharmacy",2016-09-26,https://i.scdn.co/image/44040b38f0fec8dfead3a0d38ed60c17c59296f8,1,11,424110,https://p.scdn.co/mp3-preview/c8337be9cefa0141b4ec29ce1e7271bcf5969a64?cid=9950ac751e34487dbbe027c4fd7f8e99,false,20,US83Z1656122,spotify:user:31y34xgrkog23dmdfnzkikfstojq,2025-04-24T07:10:42Z
Dub Techno,dub_techno.csv,39,spotify:track:2b20yVVjooTRpbdCuTu6tD,Assurance malheurs,spotify:artist:0Z1HUzAek6bJBuBhz8mx0q,Zzzzra,spotify:album:4qrWJc93ictnB7YGB0cM0r,L'entraide,spotify:artist:0Z1HUzAek6bJBuBhz8mx0q,Zzzzra,2015-02-24,https://i.scdn.co/image/ab67616d0000b2735e1aafd64e13004c92426807,1,7,393410,https://p.scdn.co/mp3-preview/dfa3e73d7a321ed14c1c5085a31ba8135f23d84b?cid=9950ac751e34487dbbe027c4fd7f8e99,false,19,DEH741500779,spotify:user:31y34xgrkog23dmdfnzkikfstojq,2025-04-24T07:10:48Z
Dub Techno,dub_techno.csv,40,spotify:track:1343rvbH69vJ3mPDmPwBrg,Heavy Snow,spotify:artist:3Aa3AP52gyOW8I2PlnxaIg,STL,spotify:album:6R1ntsOgTuBhIXqAGyU3b2,"Message Of Sound, Pt. 1",spotify:artist:3Aa3AP52gyOW8I2PlnxaIg,STL,2015-11-13,https://i.scdn.co/image/ab67616d0000b27371d423ce547883083b91b161,1,2,550134,https://p.scdn.co/mp3-preview/f61087b880c764e520eb382f5b096817750d0fa4?cid=9950ac751e34487dbbe027c4fd7f8e99,false,22,DEU671502518,spotify:user:31y34xgrkog23dmdfnzkikfstojq,2025-05-05T09:09:03Z
Dub Techno,dub_techno.csv,41,spotify:track:6SZ1PRAgPUfyV7dN97om2M,Caress,spotify:artist:5RypOYwGVfXHscRBRGEC8H,Lanoche,spotify:album:0y6Hy1TN1SOCL6U64wvGvr,Dial 2020 (I),spotify:artist:0LyfQWJT6nXafLPZqxe9Of,Various Artists,2020-05-22,https://i.scdn.co/image/ab67616d0000b273c6a505ba7f0d4a41b21143d4,1,1,420045,https://p.scdn.co/mp3-preview/6f9d8a3e49925c4aba92dfa3cb40569ee8d4a1bb?cid=9950ac751e34487dbbe027c4fd7f8e99,false,3,DECY52001067,spotify:user:31y34xgrkog23dmdfnzkikfstojq,2025-05-05T09:09:30Z
Dub Techno,dub_techno.csv,42,spotify:track:6LVQ5L5kO8hJI6hVzK8xZN,Vacuum,spotify:artist:1c733CliZ5lPyy4Il3s21t,Conforce,spotify:album:1gBhG6gFXUDD7ViQ2TtdKV,Dystopian Elements EP,spotify:artist:1c733CliZ5lPyy4Il3s21t,Conforce,2011-09-23,https://i.scdn.co/image/ab67616d0000b273428fb5f1c429d09f93bfc250,1,4,381248,https://p.scdn.co/mp3-preview/14eb1114c91dbbf6dc7f21a9aa3d839c026fa1f2?cid=9950ac751e34487dbbe027c4fd7f8e99,false,15,NLM791100061,spotify:user:31y34xgrkog23dmdfnzkikfstojq,2025-05-05T09:09:45Z
Dub Techno,dub_techno.csv,43,spotify:track:2pomRfi7JllgPiKg4PEt42,Fading Lights,spotify:artist:4uFSKwuGRG3kzMqXy1lZ03,Cv313,spotify:album:0EOu83jY7Ifgb8KS1UoxPU,Fading Lights,spotify:artist:4uFSKwuGRG3kzMqXy1lZ03,Cv313,2015-02-02,https://i.scdn.co/image/ab67616d0000b273a316a7163474d8c265b3d459,1,1,541948,https://p.scdn.co/mp3-preview/07393ebface83f0ffd48aa13034a3ed365e833e0?cid=9950ac751e34487dbbe027c4fd7f8e99,false,24,GBQLP1500001,spotify:user:31y34xgrkog23dmdfnzkikfstojq,2025-05-05T09:10:05Z
Dub Techno,dub_techno.csv,44,spotify:track:7CzLIhJojy1dj1HxraldFz,Subtraction,spotify:artist:1c733CliZ5lPyy4Il3s21t,Conforce,spotify:album:6HwOIHmMDnUzWfycKJaB8X,Machine Conspiracy,spotify:artist:1c733CliZ5lPyy4Il3s21t,Conforce,2014-11-17,https://i.scdn.co/image/ab67616d0000b2739005602ccd2c2e2baeec9c6a,1,3,424041,https://p.scdn.co/mp3-preview/3c68c0536715f917efba99fd67287f465dfd5d05?cid=9950ac751e34487dbbe027c4fd7f8e99,false,19,NLM791400187,spotify:user:31y34xgrkog23dmdfnzkikfstojq,2025-05-05T09:10:15Z
Dub Techno,dub_techno.csv,45,spotify:track:5saOMwl8RurWVYqZ5otfg6,Thermal Capacity,spotify:artist:52NOZYgYNsmv3nS0me6cqO,Answer Code Request,spotify:album:641zmopewAWlGoaiYDBXQF,Code,spotify:artist:52NOZYgYNsmv3nS0me6cqO,Answer Code Request,2014-06-09,https://i.scdn.co/image/ab67616d0000b2737a0e4fa35bc2d541a9d12a4f,1,12,377603,https://p.scdn.co/mp3-preview/9c58045fe75212ca4e78e1df4426db2725cb8f9b?cid=9950ac751e34487dbbe027c4fd7f8e99,false,29,DELG71400607,spotify:user:31y34xgrkog23dmdfnzkikfstojq,2025-05-05T09:11:05Z
Dub Techno,dub_techno.csv,46,spotify:track:2tAjhaAe8aE89phbGqBiuQ,L'entraide - Variation,spotify:artist:0Z1HUzAek6bJBuBhz8mx0q,Zzzzra,spotify:album:4qrWJc93ictnB7YGB0cM0r,L'entraide,spotify:artist:0Z1HUzAek6bJBuBhz8mx0q,Zzzzra,2015-02-24,https://i.scdn.co/image/ab67616d0000b2735e1aafd64e13004c92426807,1,3,337168,https://p.scdn.co/mp3-preview/cbe0fd4a3fd5d6031cb862d818d15d3b3e47771a?cid=9950ac751e34487dbbe027c4fd7f8e99,false,25,DEH741500775,spotify:user:31y34xgrkog23dmdfnzkikfstojq,2025-05-05T09:11:13Z
Dub Techno,dub_techno.csv,47,spotify:track:2pqBJIHTSCWLtmz8ufLrZz,Passagen - Convextion Remix,"spotify:artist:4D68C1Gckn1pX7oVbluTpH, spotify:artist:2AvLM7SHYKrZRS4U0vYQxy","Achterbahn D'Amour, Convextion",spotify:album:2QXd3R1TwP190sRUI6gyE6,Odd Movements - The Remixes,spotify:artist:4D68C1Gckn1pX7oVbluTpH,Achterbahn D'Amour,2015-02-02,https://i.scdn.co/image/ab67616d0000b273ce419d797931bffd5506b29e,1,3,352000,https://p.scdn.co/mp3-preview/c30d998a33c15761d18df605ee483dc1a0100e48?cid=9950ac751e34487dbbe027c4fd7f8e99,false,4,USJ4X0602403,spotify:user:31y34xgrkog23dmdfnzkikfstojq,2025-05-05T09:11:45Z
Dub Techno,dub_techno.csv,48,spotify:track:0BNJ3ih7UfXag9J3O8fzfA,En Route,spotify:artist:5Y3oDPCnbx1hf4MWLvK2Tf,Fluxion,spotify:album:0HTgCr8BaS5yZuxJ6kpuRO,Upsides & Sideways,spotify:artist:5Y3oDPCnbx1hf4MWLvK2Tf,Fluxion,2018-01-26,https://i.scdn.co/image/ab67616d0000b273f97f650c84f195d2a491a298,1,1,471396,https://p.scdn.co/mp3-preview/d03843a204574216610c19402a13ca605977ab33?cid=9950ac751e34487dbbe027c4fd7f8e99,false,23,DEU671702231,spotify:user:31y34xgrkog23dmdfnzkikfstojq,2025-05-05T09:11:57Z
Dub Techno,dub_techno.csv,49,spotify:track:0W15hbBB192OWzPbKO4UtU,Druid Dub,spotify:artist:7fZxCybxxm3zTY2OvIlWSq,Toki Fuko,spotify:album:0A4kfwXFsXTKaf3yFpc3rK,Espectrum II: The Avantroots Dub Techno Compilation,spotify:artist:5mygQWZRAK5vOhxZMiq6yA,Pulshar,2021-03-29,https://i.scdn.co/image/ab67616d0000b273748bb44734277c5165c39e00,1,6,460117,https://p.scdn.co/mp3-preview/5d2868a516eee99133ce837efc829a2eda8813c8?cid=9950ac751e34487dbbe027c4fd7f8e99,false,18,US83Z2111194,spotify:user:31y34xgrkog23dmdfnzkikfstojq,2025-05-05T13:47:53Z
Dub Techno,dub_techno.csv,50,spotify:track:1IEW7XCiIYh8iweqNvOaPb,Ur - Salz Remix,"spotify:artist:3bLzAF3aZB92MXb8ag0mlL, spotify:artist:0U84xwA98Pi4up2dRMTjby","Cio D'Or, Salz",spotify:album:4iK37W8A8dYT3wYdcGwKu2,Ur - Uhr,spotify:artist:3bLzAF3aZB92MXb8ag0mlL,Cio D'Or,2012-06-08,https://i.scdn.co/image/ab67616d0000b2733aabbedc4bb00b2689d800a3,1,3,448070,https://p.scdn.co/mp3-preview/2e38a174f82b24218afcd927476d50cd46e9d28f?cid=9950ac751e34487dbbe027c4fd7f8e99,false,24,DEBW21200152,spotify:user:31y34xgrkog23dmdfnzkikfstojq,2025-05-05T13:48:45Z
Dub Techno,dub_techno.csv,51,spotify:track:1Bh5peS3zgB6mqW1SpBPwf,Bilateral Relations,spotify:artist:1MvenC6senxNCufFqueTlr,Sven Weisemann,spotify:album:2AAVprEbms91N05tEUlMpc,Bilateral Relations EP,spotify:artist:1MvenC6senxNCufFqueTlr,Sven Weisemann,2017-09-08,https://i.scdn.co/image/ab67616d0000b273a182950e7a06650d71046e43,1,2,435371,https://p.scdn.co/mp3-preview/fbd1f4d30bc8ed90391a47251c2174f95783ede8?cid=9950ac751e34487dbbe027c4fd7f8e99,false,35,DEU671701884,spotify:user:31y34xgrkog23dmdfnzkikfstojq,2025-05-05T13:49:55Z
Dub Techno,dub_techno.csv,52,spotify:track:4gAH9bH3hyMC0Su4nt3Gp2,Tomb,spotify:artist:6nJ0ByWSHN4TnDpiojmwIN,BLNDR,spotify:album:4QLncChb43s6v9e4AeK925,Volume II,"spotify:artist:3gqqyAsMBj22JNd5zPx2cY, spotify:artist:6nJ0ByWSHN4TnDpiojmwIN, spotify:artist:2TlxOsDtu4KuBpdrQctnyu","Luigi Tozzi, BLNDR, Feral",2016-01-04,https://i.scdn.co/image/ab67616d0000b2736927d488733fcbca50094b31,1,3,341147,https://p.scdn.co/mp3-preview/70c0bcd5374743749219634270d25f85d6893538?cid=9950ac751e34487dbbe027c4fd7f8e99,false,28,NLCK41029409,spotify:user:31y34xgrkog23dmdfnzkikfstojq,2025-05-05T13:50:10Z
Dub Techno,dub_techno.csv,53,spotify:track:4V6bUTeWYl86oTPSnWYPJC,Wahomi,spotify:artist:0q1Nx41aWpZqanF9sK0O9A,Mikkel Metal,spotify:album:0nsUuLiEUz6KZcRnWx0sJm,Echocord Jubilee Compilation,spotify:artist:5Y3oDPCnbx1hf4MWLvK2Tf,Fluxion,2011-04-11,https://i.scdn.co/image/ab67616d0000b2736c8e8b2d56307131f704de57,1,10,427453,https://p.scdn.co/mp3-preview/8bf101d4592375275e3c4ad5285f0fc86b5e954b?cid=9950ac751e34487dbbe027c4fd7f8e99,false,6,DEU671101244,spotify:user:31y34xgrkog23dmdfnzkikfstojq,2025-05-05T13:50:29Z
Dub Techno,dub_techno.csv,54,spotify:track:2g6dq6rQePHl9OFgc9NKMU,Side Stepping,spotify:artist:4dNXn22Z6Qs36TfjtjW4ii,Ben Buitendijk,spotify:album:4ILRbzaaiQMPu1SwlGTO0S,Past And Present EP,spotify:artist:4dNXn22Z6Qs36TfjtjW4ii,Ben Buitendijk,2017-07-24,https://i.scdn.co/image/ab67616d0000b273cb6928a5643d0dfd28e5b9df,1,2,413570,https://p.scdn.co/mp3-preview/72cfea97e5e9bc61f85b8748c01f471bee6855f3?cid=9950ac751e34487dbbe027c4fd7f8e99,false,20,NLCK41040134,spotify:user:31y34xgrkog23dmdfnzkikfstojq,2025-05-05T13:50:47Z
Dub Techno,dub_techno.csv,55,spotify:track:75cBW5IXH1DK9Sa8GiiyeZ,Elapse - Fdf's Espale Mix,"spotify:artist:1MvenC6senxNCufFqueTlr, spotify:artist:2aqA1rqioB4Fc8Xre931gX","Sven Weisemann, Freund der Familie",spotify:album:2bybxXP7vMNf3N2KhzSa4W,Elution,spotify:artist:1MvenC6senxNCufFqueTlr,Sven Weisemann,2013-05-31,https://i.scdn.co/image/ab67616d0000b27339f41ca9047b99f12ade05e1,1,2,446647,https://p.scdn.co/mp3-preview/0ef72f6cd62c53f59c46f81044d10fb9934e05c3?cid=9950ac751e34487dbbe027c4fd7f8e99,false,26,DEBW21300134,spotify:user:31y34xgrkog23dmdfnzkikfstojq,2025-05-05T13:51:21Z
Dub Techno,dub_techno.csv,56,spotify:track:5DscxqplsUQXhMRdKFnmMa,Hard Boiled - SCB Edit,spotify:artist:48hZklIMPklae2Mssfp8Cx,Scuba,spotify:album:3ShJ07vGYOVONbdxLzsWXM,From Within,spotify:artist:48hZklIMPklae2Mssfp8Cx,Scuba,2008-12-22,https://i.scdn.co/image/ab67616d0000b273b4d3fac86a93593ccf7f6d2d,1,2,531333,https://p.scdn.co/mp3-preview/abac61b002b70463108f6a62199b7e37e0aeed6a?cid=9950ac751e34487dbbe027c4fd7f8e99,false,11,GBHQT0800024,spotify:user:31y34xgrkog23dmdfnzkikfstojq,2025-05-05T13:51:46Z
Dub Techno,dub_techno.csv,57,spotify:track:3q9WGE1wRtCbKcVrCF2ZjC,Undelivered,"spotify:artist:3l9uLPHODHCBSiGcALBPPI, spotify:artist:0Oid35UuTwanMjtk2z6YXU","Martin Schulte, Giacomo Pellegrino",spotify:album:4lYBur7la2LJdNw9Fgn8Xp,Night City,"spotify:artist:3l9uLPHODHCBSiGcALBPPI, spotify:artist:0Oid35UuTwanMjtk2z6YXU, spotify:artist:1XBOocN4h6mCT8iAWdSmW5","Martin Schulte, Giacomo Pellegrino, Dive Craft",2021-12-16,https://i.scdn.co/image/ab67616d0000b273ded1ae98a0dbe678729dad8f,1,2,422005,https://p.scdn.co/mp3-preview/45033b0233c362429b4877be9120af9cb3004878?cid=9950ac751e34487dbbe027c4fd7f8e99,false,24,CH6541682959,spotify:user:31y34xgrkog23dmdfnzkikfstojq,2025-05-05T13:52:38Z
Dub Techno,dub_techno.csv,58,spotify:track:42eKwQbDzOA3F1sP9FqhYT,Blind Side,spotify:artist:47YmGWaq0LIbK64RWleEEh,Claro Intelecto,spotify:album:1gnzunCTr7DXacueCwWM82,Reform Club,spotify:artist:47YmGWaq0LIbK64RWleEEh,Claro Intelecto,2012-05-07,https://i.scdn.co/image/ab67616d0000b273238a8a117010a6d9603e66c2,1,2,302665,https://p.scdn.co/mp3-preview/0a489e1923792e43d1307b3f6da54029840fe8ef?cid=9950ac751e34487dbbe027c4fd7f8e99,false,20,NLM791200017,spotify:user:31y34xgrkog23dmdfnzkikfstojq,2025-05-05T13:53:10Z
Dub Techno,dub_techno.csv,59,spotify:track:6e0lr1WbfQMVUjVIVAnntW,Gypsophila,spotify:artist:0mdnhQUUBPkV2IcrdU6X0g,Roman Poncet,spotify:album:5vWJNzG8KKSb1hW1GJYUui,Gypsophila,spotify:artist:0mdnhQUUBPkV2IcrdU6X0g,Roman Poncet,2018-04-30,https://i.scdn.co/image/ab67616d0000b273248aae03cfed11dcb437c0b1,1,10,624102,https://p.scdn.co/mp3-preview/8a632371dc254d28ce7c942d1f3e97c09edba735?cid=9950ac751e34487dbbe027c4fd7f8e99,false,15,DEPL91800554,spotify:user:31y34xgrkog23dmdfnzkikfstojq,2025-05-05T13:53:25Z
Dub Techno,dub_techno.csv,60,spotify:track:39F069Cs96smeQwgNkTnry,Electromagnetic Dowsing - The Lost D Side,spotify:artist:45g23Apmqo2x4obM7LjmpW,Deepchord,spotify:album:12daIk9WblBxDxK6W4cYBQ,Electromagnetic Dowsing (The Lost D Side),spotify:artist:45g23Apmqo2x4obM7LjmpW,Deepchord,2014-12-09,https://i.scdn.co/image/ab67616d0000b273b659eddeb83bc0c24eaab35e,1,1,679550,https://p.scdn.co/mp3-preview/4848730e20910cf8dff15923885581d4cae4ccb1?cid=9950ac751e34487dbbe027c4fd7f8e99,false,10,GBQLP1400832,spotify:user:31y34xgrkog23dmdfnzkikfstojq,2025-05-05T20:15:56Z
Dub Techno,dub_techno.csv,61,spotify:track:7fZNwJl9iJHKfQrASrlczD,St. Pancras - Salz Remix,"spotify:artist:0i2Ei44W5Zv9m8qemNBzRF, spotify:artist:0U84xwA98Pi4up2dRMTjby","JoergMueller, Salz",spotify:album:0lHDzYXAZHdJbzJ0UJQfFd,Ten Tons Heavier,spotify:artist:0i2Ei44W5Zv9m8qemNBzRF,JoergMueller,2015-01-08,https://i.scdn.co/image/ab67616d0000b273f0df330ab324a68fb3163a6c,1,5,385978,https://p.scdn.co/mp3-preview/4a4028d8e2ca345481d74e958e5a7a12e704b101?cid=9950ac751e34487dbbe027c4fd7f8e99,false,14,DEH741413602,spotify:user:31y34xgrkog23dmdfnzkikfstojq,2025-05-05T20:17:46Z
Dub Techno,dub_techno.csv,62,spotify:track:7yttpAmd5JyzuaoM4TZw5B,Drifting Elements - Chris Lattner Remix,"spotify:artist:5U0gqVS1vPHUyUGCdrlYOD, spotify:artist:5AmUDHl2DedYKL1y6cKxWP","Nadja Lind, Chris Lattner",spotify:album:2BiPYUSLjGAFOyndkTLnoV,The 2nd Rule,spotify:artist:5U0gqVS1vPHUyUGCdrlYOD,Nadja Lind,2022-04-15,https://i.scdn.co/image/ab67616d0000b273598f41b3439b22e43eea265a,1,4,493406,https://p.scdn.co/mp3-preview/353b303ce7454c63a7750e53be02fcc05c677e90?cid=9950ac751e34487dbbe027c4fd7f8e99,false,2,DEH741205300,spotify:user:31y34xgrkog23dmdfnzkikfstojq,2025-05-08T09:18:31Z
Dub Techno,dub_techno.csv,63,spotify:track:3ZwOQnjGDVChMHpaDGklo4,Flowing in the Seamind,spotify:artist:7LlLceKaTdbmTKG78I61YH,Kammerton,spotify:album:3HPsM6Wj7xs93oLvuMQmhE,We Are Back,spotify:artist:0LyfQWJT6nXafLPZqxe9Of,Various Artists,2006,https://i.scdn.co/image/ab67616d0000b273508e9fc5ab53b4c9aac738bd,1,1,415226,https://p.scdn.co/mp3-preview/d10d1a28ff91c5aa330b2d2050042168abcad843?cid=9950ac751e34487dbbe027c4fd7f8e99,false,11,DEDL80800255,spotify:user:31y34xgrkog23dmdfnzkikfstojq,2025-05-25T11:01:59Z
Dub Techno,dub_techno.csv,64,spotify:track:5SO29gugbV3UCYRRAUjDkb,Decimation - Valve Tr9 Mix,"spotify:artist:1MvenC6senxNCufFqueTlr, spotify:artist:4FObpPond0mso3CAHIfVvg","Sven Weisemann, Valve Tr9",spotify:album:2AAVprEbms91N05tEUlMpc,Bilateral Relations EP,spotify:artist:1MvenC6senxNCufFqueTlr,Sven Weisemann,2017-09-08,https://i.scdn.co/image/ab67616d0000b273a182950e7a06650d71046e43,1,4,390371,https://p.scdn.co/mp3-preview/db82c8cf377816a0f8e80d5a7c813fbb08e90034?cid=9950ac751e34487dbbe027c4fd7f8e99,false,22,DEU671701886,spotify:user:31y34xgrkog23dmdfnzkikfstojq,2025-05-25T11:02:16Z
Dub Techno,dub_techno.csv,65,spotify:track:6fOqGhUALwNp2W5sjtNXjY,Modul 1,spotify:artist:6wNOfYFlLoZxi37nmPIB0c,Arovane,spotify:album:52hWAPBZxcsRgIEAOyKv7D,Modul,spotify:artist:6wNOfYFlLoZxi37nmPIB0c,Arovane,2016-04-08,https://i.scdn.co/image/ab67616d0000b273ae2562dba85896e537575810,1,1,336457,https://p.scdn.co/mp3-preview/fbfd04d28cc35cd138be51bf04a73b723b6adecb?cid=9950ac751e34487dbbe027c4fd7f8e99,false,14,DEU671601184,spotify:user:31y34xgrkog23dmdfnzkikfstojq,2025-05-27T05:57:35Z
Dub Techno,dub_techno.csv,66,spotify:track:7vDzK3NjYxBDtM4R2B4Fb1,When The Time Is Right,spotify:artist:47YmGWaq0LIbK64RWleEEh,Claro Intelecto,spotify:album:1KCShSz6OHvhJ8UkD49y40,In Vitro - Volume One,spotify:artist:47YmGWaq0LIbK64RWleEEh,Claro Intelecto,2019-12-06,https://i.scdn.co/image/ab67616d0000b2737574df164e96f305944b7070,1,4,529920,https://p.scdn.co/mp3-preview/8a521a7ae504439990570ef2d8a55b5178cac90e?cid=9950ac751e34487dbbe027c4fd7f8e99,false,33,NLM791900182,spotify:user:31y34xgrkog23dmdfnzkikfstojq,2025-05-27T05:57:49Z
Dub Techno,dub_techno.csv,67,spotify:track:08WPhu4BLKD0oMVqMCuoRO,Far Out - Orginal Mix,spotify:artist:4lFOFSb4stxhi2WAAw2tBl,Marko Furstenberg,spotify:album:6ZSDXTJN2L4F0lpYVt6zny,Ortloff 1 EP,spotify:artist:0LyfQWJT6nXafLPZqxe9Of,Various Artists,2009-04-27,https://i.scdn.co/image/ab67616d0000b273a12cf8cd3743ceaace970604,1,1,434000,https://p.scdn.co/mp3-preview/e0e247818b3573831a089f4b9990d70be788f487?cid=9950ac751e34487dbbe027c4fd7f8e99,false,20,DECY50931011,spotify:user:31y34xgrkog23dmdfnzkikfstojq,2025-05-27T05:57:58Z
Dub Techno,dub_techno.csv,68,spotify:track:6ht9Q9SzrkDnghbDxemQBo,Closure,spotify:artist:4k5lq004hsV53aaYfBMkta,G.R.I.T.,spotify:album:1suYRjfvSZYcegl9EycD8g,Closure,spotify:artist:4k5lq004hsV53aaYfBMkta,G.R.I.T.,2014,https://i.scdn.co/image/ab67616d0000b273e24e88c48ab04bf5edb01f91,1,1,512001,https://p.scdn.co/mp3-preview/1b2520736d90cf8faaea9bab0f714226819742d4?cid=9950ac751e34487dbbe027c4fd7f8e99,false,21,QZ5FN1779391,spotify:user:31y34xgrkog23dmdfnzkikfstojq,2025-05-27T05:58:12Z
Dub Techno,dub_techno.csv,69,spotify:track:01h53Uz7dsol7NfZP9ys7o,Sirius,spotify:artist:6hjRjVNLWTCPYci9nxhI1G,efdemin,spotify:album:78KlGEXtCXzCF5Spl6xwNR,Naïf,spotify:artist:6hjRjVNLWTCPYci9nxhI1G,efdemin,2018,https://i.scdn.co/image/ab67616d0000b273eb1e34b13a569344a4efbb65,1,5,372411,https://p.scdn.co/mp3-preview/b9c43229fb44b60176aaf0d544070f73f910b0a2?cid=9950ac751e34487dbbe027c4fd7f8e99,false,22,BEN581800019,spotify:user:31y34xgrkog23dmdfnzkikfstojq,2025-05-27T05:58:43Z
Dub Techno,dub_techno.csv,70,spotify:track:6AaF2u1NILI0ntcLgivav1,Forever Is Not - Mathimidori Remix,"spotify:artist:5mygQWZRAK5vOhxZMiq6yA, spotify:artist:1MHqWkB6mHZcnRNYo6MGEu","Pulshar, Mathimidori",spotify:album:4sWanIiJ0e5qSlEExyZU8i,Mask,spotify:artist:5mygQWZRAK5vOhxZMiq6yA,Pulshar,2018-10-12,https://i.scdn.co/image/ab67616d0000b27372cb2819a7e00812f8b4e42c,1,7,389652,https://p.scdn.co/mp3-preview/b6ba72e0001b543f7223e1d650c5aa701c8d25a5?cid=9950ac751e34487dbbe027c4fd7f8e99,false,25,US83Z1822638,spotify:user:31y34xgrkog23dmdfnzkikfstojq,2025-05-27T05:59:01Z
Dub Techno,dub_techno.csv,71,spotify:track:73WQjMVaWE8SRHiNI7HSQO,Indub - Luigi Tozzi Remix,"spotify:artist:6JCs8SaovE57zeGbQuh2Ra, spotify:artist:3gqqyAsMBj22JNd5zPx2cY","Bnjmn, Luigi Tozzi",spotify:album:2pL40xruyBhkePzsz5h8y5,Hypnagogia Remixed,spotify:artist:6JCs8SaovE57zeGbQuh2Ra,Bnjmn,2020-09-07,https://i.scdn.co/image/ab67616d0000b27379e711c87c91dabc13db270c,1,4,408032,https://p.scdn.co/mp3-preview/583b7f90ea08dc684952999ea12666c273322857?cid=9950ac751e34487dbbe027c4fd7f8e99,false,12,NLM792000080,spotify:user:31y34xgrkog23dmdfnzkikfstojq,2025-05-27T05:59:16Z
Dub Techno,dub_techno.csv,72,spotify:track:4wBo6PhlJkjN0snFzoPdqc,Hidden Persuation,spotify:artist:1hjNDDzz7GzmceHSWgWdck,Quantec,spotify:album:6giGU0ydSdbTOGY3zIre6n,My Music Is My Space,spotify:artist:0LyfQWJT6nXafLPZqxe9Of,Various Artists,2007-05-09,https://i.scdn.co/image/ab67616d0000b2734135a94434d78b74a1f4667b,1,1,418040,https://p.scdn.co/mp3-preview/cda1b541085968b3ba97a0c65dcee77e7ac93fd8?cid=9950ac751e34487dbbe027c4fd7f8e99,false,14,DEDL80700562,spotify:user:31y34xgrkog23dmdfnzkikfstojq,2025-05-27T05:59:26Z
Dub Techno,dub_techno.csv,73,spotify:track:6vHs8E9tsFDFnRb2cqtfoY,Aeri - Remix,"spotify:artist:2agmlkkygZzdwJ9349yacQ, spotify:artist:7dkAZ5RlP2uuyk1IhA3rt9","Launaea, Vanoni",spotify:album:6OGflH3BN8Jfh9UuiCnrKx,Janato,spotify:artist:2agmlkkygZzdwJ9349yacQ,Launaea,2021-03-03,https://i.scdn.co/image/ab67616d0000b273be50cf0d8f4b68d1b9c44045,1,4,588499,https://p.scdn.co/mp3-preview/ef820cb295d3922140d96d39eba1c8351bdcdf97?cid=9950ac751e34487dbbe027c4fd7f8e99,false,20,QZGLM2182658,spotify:user:31y34xgrkog23dmdfnzkikfstojq,2025-05-27T05:59:47Z
Dub Techno,dub_techno.csv,74,spotify:track:5b8JxAkGo9Gukhhkk3QF9U,Urban Wind - Original Mix,spotify:artist:3l9uLPHODHCBSiGcALBPPI,Martin Schulte,spotify:album:2TlbKSKFePd5uBxkmpO2ET,Urban Spirit,spotify:artist:3l9uLPHODHCBSiGcALBPPI,Martin Schulte,2011-05-13,https://i.scdn.co/image/ab67616d0000b273b132f250281dc880e4b2eeb1,1,4,374498,https://p.scdn.co/mp3-preview/da39f26f6d29b715be65c0fe32b4c7eb4341662d?cid=9950ac751e34487dbbe027c4fd7f8e99,false,14,DEBW21100188,spotify:user:31y34xgrkog23dmdfnzkikfstojq,2025-05-27T06:00:02Z
Dub Techno,dub_techno.csv,75,spotify:track:14xHtqCBQWYQu5QhEKKIE9,Untitled B2,spotify:artist:6IW76sJ0SzZo0iXZTqwt5o,Lowtec,spotify:album:4wT9B2XxmTBVgMhKBRaMwy,10 Strikes to 2001,spotify:artist:6IW76sJ0SzZo0iXZTqwt5o,Lowtec,2000,https://i.scdn.co/image/ab67616d0000b273ad76626b91aff2cbf2d16bc4,1,3,340026,https://p.scdn.co/mp3-preview/8ff3f6e441afe2a391c78a9c6bdbce2b05f3c06a?cid=9950ac751e34487dbbe027c4fd7f8e99,false,8,DEMM41201453,spotify:user:31y34xgrkog23dmdfnzkikfstojq,2025-05-27T06:01:03Z
Dub Techno,dub_techno.csv,76,spotify:track:4DX1J5Ml9EyHk03mq8rGep,karuna,spotify:artist:1t4NXvWnxF1xx3r6vhJMSp,son.sine,spotify:album:5nqOxv7NpHWGFtiZCBuaxq,upekah,spotify:artist:1t4NXvWnxF1xx3r6vhJMSp,son.sine,2013-10-14,https://i.scdn.co/image/ab67616d0000b2730cdb9fff45b46e0522d826c6,1,2,468279,https://p.scdn.co/mp3-preview/7ad355a692ee82be978755ff21d357e5ad92ca90?cid=9950ac751e34487dbbe027c4fd7f8e99,false,24,NLM791300083,spotify:user:31y34xgrkog23dmdfnzkikfstojq,2025-05-27T10:55:30Z
Dub Techno,dub_techno.csv,77,spotify:track:2oP4pGEfgWx60UUpKfFHkj,"I Can't Be Very Specific, But I See the Future…",spotify:artist:3QeWeL6hboJXNE3GJ6057E,Isecawi,spotify:album:5Xd2g3YA2wX8hf2fiuTSF9,Wired Thoughts,spotify:artist:0LyfQWJT6nXafLPZqxe9Of,Various Artists,2010,https://i.scdn.co/image/ab67616d0000b2737ccd5374b8bdb466d2ad911b,1,25,416000,https://p.scdn.co/mp3-preview/3d519e26d9942f1aae38e82eda1cd92d72e9d46f?cid=9950ac751e34487dbbe027c4fd7f8e99,false,6,USHM81004207,spotify:user:31y34xgrkog23dmdfnzkikfstojq,2025-05-27T11:08:30Z
Dub Techno,dub_techno.csv,78,spotify:track:4mVmyN1LZZ0ZPNnAAbGgkt,Motivus - Schulz Audio Remix,"spotify:artist:7i0alXUWscFXnVcnXLlheq, spotify:artist:36Tv6NKXzENSLi72SfVrax","Ohrwert, Schulz Audio",spotify:album:359jFsbfMb54TflJrs9JlQ,Soliton,"spotify:artist:7i0alXUWscFXnVcnXLlheq, spotify:artist:0N1G1lizxkv4jmvMkg0n5X, spotify:artist:36Tv6NKXzENSLi72SfVrax","Ohrwert, Heavenchord, Schulz Audio",2020-01-30,https://i.scdn.co/image/ab67616d0000b273625181b4da5c2c8891cfda44,1,4,293290,https://p.scdn.co/mp3-preview/551b1289f781e6a79ca4afb5c56246abf334925c?cid=9950ac751e34487dbbe027c4fd7f8e99,false,23,CH6542007488,spotify:user:31y34xgrkog23dmdfnzkikfstojq,2025-05-27T11:08:43Z
Dub Techno,dub_techno.csv,79,spotify:track:6zDl1WnvlssrpD0CvYNfaz,Voda,spotify:artist:2aIBjoH2KOLIx31HazbHNM,Phantom Network,spotify:album:1pS81obKQ7wt37IT3EBcgv,Natural Expressions 009,spotify:artist:0LyfQWJT6nXafLPZqxe9Of,Various Artists,2022-10-10,https://i.scdn.co/image/ab67616d0000b2732ed888e6eeb56c8ec3934fc7,1,8,598991,https://p.scdn.co/mp3-preview/f1d770ce36722a58874f35ae0f9ebef1040dcafd?cid=9950ac751e34487dbbe027c4fd7f8e99,false,5,GBKQU2291356,spotify:user:31y34xgrkog23dmdfnzkikfstojq,2025-05-27T11:22:23Z
Dub Techno,dub_techno.csv,80,spotify:track:0u1QDapBt6MxvIAq5Dn1uR,Episode 06,spotify:artist:3MyajgSrhG8C0D623jxkuA,Tender H,spotify:album:6qaz1minPVMi3sREagVZZa,Episodes 06-15,spotify:artist:3MyajgSrhG8C0D623jxkuA,Tender H,2023-07-28,https://i.scdn.co/image/ab67616d0000b27313f786c1afcb27702cc818d8,1,1,255624,https://p.scdn.co/mp3-preview/dc26cd475a3237274aec820215b27c6858e7ff36?cid=9950ac751e34487dbbe027c4fd7f8e99,false,9,LTE232300106,spotify:user:31y34xgrkog23dmdfnzkikfstojq,2025-05-27T11:22:38Z
Dub Techno,dub_techno.csv,81,spotify:track:09wQGXblQARxocaiqdkrw2,Turn 2 Turn,spotify:artist:3dds88EVSeBgkPCJ47ZzRZ,Shed,spotify:album:2WY8O5mm7BZeZqEM9ckU0c,The Final Experiment,spotify:artist:3dds88EVSeBgkPCJ47ZzRZ,Shed,2017-03-10,https://i.scdn.co/image/ab67616d0000b273adbf09c1fc23048b3636df7b,1,9,423509,https://p.scdn.co/mp3-preview/35783553a868f8a14ed67c5381f7a77699920c05?cid=9950ac751e34487dbbe027c4fd7f8e99,false,16,DEOE81610420,spotify:user:31y34xgrkog23dmdfnzkikfstojq,2025-05-27T11:32:43Z
Dub Techno,dub_techno.csv,82,spotify:track:0Jb5jjm8R2Pc7ZWtd9Othd,AMB I,spotify:artist:4lFOFSb4stxhi2WAAw2tBl,Marko Furstenberg,spotify:album:54B6ZE2VdC7xQjSIvXs0BK,Ghosts From The Past,spotify:artist:4lFOFSb4stxhi2WAAw2tBl,Marko Furstenberg,2014-09-15,https://i.scdn.co/image/ab67616d0000b27383a01f431c86e8bdfb92d369,1,7,393165,https://p.scdn.co/mp3-preview/e9b6439f66751d8e98f47097d2b866c42b7e1b4f?cid=9950ac751e34487dbbe027c4fd7f8e99,false,24,DECY51495327,spotify:user:31y34xgrkog23dmdfnzkikfstojq,2025-05-27T11:32:59Z
Dub Techno,dub_techno.csv,83,spotify:track:0Zf8JqrQTIrj7eg6E61UJC,OBMX - cv313 Reduction,spotify:artist:1FJlepTxHmPA5QVEwoFplL,Echospace,spotify:album:5knZMbsMC48g4MEijFyBTg,OBMX,spotify:artist:1FJlepTxHmPA5QVEwoFplL,Echospace,2008-07-01,https://i.scdn.co/image/ab67616d0000b273b642ab561eb6beb289bd5753,1,2,406623,https://p.scdn.co/mp3-preview/ccf4fdfedc976a5f62d1ce2959b3c43c92271941?cid=9950ac751e34487dbbe027c4fd7f8e99,false,7,GBQLP0800215,spotify:user:31y34xgrkog23dmdfnzkikfstojq,2025-05-27T11:33:16Z
Dub Techno,dub_techno.csv,84,spotify:track:6Vw946an1Nxkb3MFrtkJgD,Sideway Funk,spotify:artist:3weetANlzOcw3zUhhK8oEQ,Havantepe,spotify:album:2pyqabqLrzVQ3Ej57eEBmR,Distanced,spotify:artist:3weetANlzOcw3zUhhK8oEQ,Havantepe,2013-05-13,https://i.scdn.co/image/ab67616d0000b273db59f5708cea65f0572a4f1f,1,3,370784,https://p.scdn.co/mp3-preview/b9ffab20a7559e898c117f1ea0575b70562cebcb?cid=9950ac751e34487dbbe027c4fd7f8e99,false,16,DEED11300399,spotify:user:31y34xgrkog23dmdfnzkikfstojq,2025-05-27T11:33:38Z
Dub Techno,dub_techno.csv,85,spotify:track:3U5J9ihgZ6Q5AZ8K4z9RVC,Iteration 1,spotify:artist:2xbVn24QI1kHjHY8AynQSK,Gradient,spotify:album:6WKXK6UNSkOlAg1biqWVT4,Dub Iterations,spotify:artist:2xbVn24QI1kHjHY8AynQSK,Gradient,2019-03-07,https://i.scdn.co/image/ab67616d0000b273fc188dd9a917291571abcd62,1,1,483000,https://p.scdn.co/mp3-preview/3203c4caa90e1cd1b00c5304317a1f2854363317?cid=9950ac751e34487dbbe027c4fd7f8e99,false,4,GBKQU1910498,spotify:user:31y34xgrkog23dmdfnzkikfstojq,2025-05-27T11:36:01Z
Dub Techno,dub_techno.csv,86,spotify:track:7erwKmD2Y7Q4ss8YTI2qio,House of Vampires,spotify:artist:0rd7M5S6AdFkideaBtseOo,Deadbeat,spotify:album:0wccQ3GjVfsCem65mPcsNH,The Echocord Sessions,spotify:artist:0rd7M5S6AdFkideaBtseOo,Deadbeat,2020-12-13,https://i.scdn.co/image/ab67616d0000b27300ae63d838204672c2d5573e,1,1,521505,https://p.scdn.co/mp3-preview/8d30eff1f29ed50c082fc3ad320d18d2215457cf?cid=9950ac751e34487dbbe027c4fd7f8e99,false,0,DEU672000064,spotify:user:31y34xgrkog23dmdfnzkikfstojq,2025-05-27T11:37:46Z
Dub Techno 2,dub_techno_2.csv,2,spotify:track:0H9mpyAAeY3lf1AS1ivnBi,Universe (Brickman Remix),"spotify:artist:2xBjIclLb9V8Q26jsZqWGj, spotify:artist:1euztWfCX0SHe8U5XZT6dF","Brickman, Klartraum",spotify:album:4hGAmkLZ6Q0PzjHHVY8LpF,"Secret Moon Ultimate Edition - All Remixes, All Bonus Tracks, Special Liveset",spotify:artist:1euztWfCX0SHe8U5XZT6dF,Klartraum,2014-09-23,https://i.scdn.co/image/ab67616d0000b27355e8616a685c94e0b657669d,1,26,388987,https://p.scdn.co/mp3-preview/f69a81b09d817e5a7e9a5eadbc6a0599e292b22d?cid=9950ac751e34487dbbe027c4fd7f8e99,false,12,TCABZ1452257,spotify:user:31y34xgrkog23dmdfnzkikfstojq,2025-06-12T09:02:27Z
Dub Techno 2,dub_techno_2.csv,3,spotify:track:6bTjGxZho4XBYWPCpWMqiX,Nospheratu (Echospace Reduction),"spotify:artist:5mygQWZRAK5vOhxZMiq6yA, spotify:artist:1FJlepTxHmPA5QVEwoFplL","Pulshar, Echospace",spotify:album:66wKfUIXnqHBoWwRKElgdi,Nospheratu,spotify:artist:5mygQWZRAK5vOhxZMiq6yA,Pulshar,2008-06-20,https://i.scdn.co/image/ab67616d0000b27396199ada1bc3f90843d1353d,1,2,677029,https://p.scdn.co/mp3-preview/e1ebf70a21d5f28c8534a7ba9ba8585102557c70?cid=9950ac751e34487dbbe027c4fd7f8e99,false,0,ES8950800162,spotify:user:31y34xgrkog23dmdfnzkikfstojq,2025-06-12T09:02:27Z
Dub Techno 2,dub_techno_2.csv,4,spotify:track:45WyCMT7k9bz50k0thR4PD,Dark of the Moon - BDTom Remix,"spotify:artist:69McWqAIIVBsWZnDV6fzpX, spotify:artist:3KhZQyztFK4dlMvcskxzTz","Nikita Great, bdtom",spotify:album:2Z68lRPxKsF4jKHzaLEDGJ,The Best of 2014,spotify:artist:0LyfQWJT6nXafLPZqxe9Of,Various Artists,2015-02-09,https://i.scdn.co/image/ab67616d0000b273ab0134f97c78f2738af0086a,1,19,427563,https://p.scdn.co/mp3-preview/11e00d59f73243bd8a049839848c3696e11e4be3?cid=9950ac751e34487dbbe027c4fd7f8e99,false,12,US83Z1500145,spotify:user:31y34xgrkog23dmdfnzkikfstojq,2025-06-12T09:02:27Z
Dub Techno 2,dub_techno_2.csv,5,spotify:track:0Z8EjNXGcnEj2CoAEQeGNk,Gemini - 5am Mix,spotify:artist:4dQcSVbxGOAEpwiftXjfdw,Paolo Lucchi,spotify:album:5tqNae8MEvJQqIwWiqQBA8,The Dusk Sessions,spotify:artist:4dQcSVbxGOAEpwiftXjfdw,Paolo Lucchi,2020-01-10,https://i.scdn.co/image/ab67616d0000b273db310e29cdaa51720aa53bcb,1,5,495064,https://p.scdn.co/mp3-preview/05070797cb37a36a012d347acb641ac1f181510e?cid=9950ac751e34487dbbe027c4fd7f8e99,false,19,DEH741920915,spotify:user:31y34xgrkog23dmdfnzkikfstojq,2025-06-12T09:02:27Z
Dub Techno 2,dub_techno_2.csv,6,spotify:track:6evJpAEl3mQs8EnZPMvumL,Les Planes - Original Mix,"spotify:artist:4JBXPj21sTqOZvgQurUJoP, spotify:artist:6k7Gdv0KGMT1P4dDUjOVSw","Deepbass, Ness",spotify:album:4HUVkJODqJUyUwMEzTNGvR,Continuum III: Fluctus,spotify:artist:2TtQHNmIzWTcCZ5MODTLJt,Dynamic Reflection,2018-11-16,https://i.scdn.co/image/ab67616d0000b273f56c9f0817470fcdfccb4166,1,3,390300,https://p.scdn.co/mp3-preview/6217b7956ab331ddcf2fe60a501140b4da33cc43?cid=9950ac751e34487dbbe027c4fd7f8e99,false,27,NLCK41050656,spotify:user:31y34xgrkog23dmdfnzkikfstojq,2025-06-12T09:02:27Z
Dub Techno 2,dub_techno_2.csv,7,spotify:track:6hM1uPMfUUoZK4s3ZHvpPe,Four Of Five,spotify:artist:6HEwyfK58Mq8FhKuJKooHE,59 Perlen,spotify:album:5I8jWz8OoIrFD2Fr9AV53o,Four Of Five,spotify:artist:6HEwyfK58Mq8FhKuJKooHE,59 Perlen,2024-07-08,https://i.scdn.co/image/ab67616d0000b273940617d9bdd772644cea4046,1,1,293627,https://p.scdn.co/mp3-preview/a81b6fa770ec775ccae88c6951119aec3f306aca?cid=9950ac751e34487dbbe027c4fd7f8e99,false,15,DENF32400154,spotify:user:31y34xgrkog23dmdfnzkikfstojq,2025-06-12T09:02:27Z
Dub Techno 2,dub_techno_2.csv,8,spotify:track:1DOT8tSjbeFTgonUZ6WMy4,Mitte bitte,spotify:artist:0VMwyxoI51u1aIQe2Tyc1v,DJ Kaine,spotify:album:5JyWCIpQuBCo5ryfjpYF76,"Liquid Sky Berlin, Vol. 1 (The Mothership Has Landed)",spotify:artist:0LyfQWJT6nXafLPZqxe9Of,Various Artists,2012-11-01,https://i.scdn.co/image/ab67616d0000b27375682ddae68cfdfdcb4a7a6c,1,8,460658,https://p.scdn.co/mp3-preview/9fb8ac0cb5c2acc810973782016d37ba107b4863?cid=9950ac751e34487dbbe027c4fd7f8e99,false,18,FR9W11208223,spotify:user:31y34xgrkog23dmdfnzkikfstojq,2025-06-12T09:02:27Z
Dub Techno 2,dub_techno_2.csv,9,spotify:track:5togwQr18A5jXJ9q6djE4X,Overcoming,"spotify:artist:69dEN5hVySEEREBRyyy3EU, spotify:artist:0N1G1lizxkv4jmvMkg0n5X","Sibling, Heavenchord",spotify:album:6KJstyFZ93NB1c4A34hMIX,Lonesome Landscape,"spotify:artist:69dEN5hVySEEREBRyyy3EU, spotify:artist:0N1G1lizxkv4jmvMkg0n5X","Sibling, Heavenchord",2018-06-07,https://i.scdn.co/image/ab67616d0000b2737338a4bcb79e8d0fd9d6a3f2,1,3,400396,https://p.scdn.co/mp3-preview/0b3cd942c4ccb55973cf23462bffd257468c2aa6?cid=9950ac751e34487dbbe027c4fd7f8e99,false,24,DEPL91801235,spotify:user:31y34xgrkog23dmdfnzkikfstojq,2025-06-12T09:02:27Z
Dub Techno 2,dub_techno_2.csv,10,spotify:track:7i0YstRYGpnBmOscFys0yH,Libellula - Alexander Bogdanov Remix,"spotify:artist:6iKhBuukaTiB5KRTx7vjTV, spotify:artist:4RIUvvnTUaBzxzSx5A5fRx","Francesco Tamburrano, Alexander Bogdanov",spotify:album:2X5UvaDqhcFzMDE8MHLEzq,Best of 2024,"spotify:artist:7cl47YNqDfXGcyZXNRDRYG, spotify:artist:0N1G1lizxkv4jmvMkg0n5X, spotify:artist:4bFZ9Ryc3Kgk4n77N0nxce","Shebuzzz, Heavenchord, Zeu5",2024-12-27,https://i.scdn.co/image/ab67616d0000b273250c54018642dc061a13ac45,1,3,468500,https://p.scdn.co/mp3-preview/abbc65f4d7eacaba269d4fd697c80c69af73a27f?cid=9950ac751e34487dbbe027c4fd7f8e99,false,11,US83Z2408911,spotify:user:31y34xgrkog23dmdfnzkikfstojq,2025-06-12T09:02:27Z
Dub Techno 2,dub_techno_2.csv,11,spotify:track:2tsxAjJJkym9qc0X17RGrJ,Creation,spotify:artist:5OzgbE5BiDzfmljWbCPeR8,PXH,spotify:album:39qXNdx57gKyjZKZfOg0Y3,Creation,spotify:artist:5OzgbE5BiDzfmljWbCPeR8,PXH,2024-05-23,https://i.scdn.co/image/ab67616d0000b273732b06d5044ad24b171346a2,1,1,472256,https://p.scdn.co/mp3-preview/921b546645d166f297979577789baea0b23bae0c?cid=9950ac751e34487dbbe027c4fd7f8e99,false,22,QZMEN2439914,spotify:user:31y34xgrkog23dmdfnzkikfstojq,2025-06-12T09:02:27Z
Dub Techno 2,dub_techno_2.csv,12,spotify:track:36ESy7InbM0kqZSr5MPieP,Anacopia,spotify:artist:3ziow4WjVvDSwUupiza0JZ,QLTURA,spotify:album:41CvRbVnWcmtZjmF973T0N,Memory Terminal,spotify:artist:3ziow4WjVvDSwUupiza0JZ,QLTURA,2024-06-21,https://i.scdn.co/image/ab67616d0000b2730a80a5db4cd304334ae68f2d,1,2,945290,https://p.scdn.co/mp3-preview/66b0de15166887a8e490988d0c7e6e7ffcfef75d?cid=9950ac751e34487dbbe027c4fd7f8e99,false,3,US83Z2479048,spotify:user:31y34xgrkog23dmdfnzkikfstojq,2025-06-12T09:02:50Z
Dub Techno 2,dub_techno_2.csv,13,spotify:track:0PDwyxrKOGyaeYftyeNk4R,Flight to Berlin - Vynyard Dub Mix,"spotify:artist:1euztWfCX0SHe8U5XZT6dF, spotify:artist:4APUbQ1NzVSQyGOhH4g2jY, spotify:artist:6LLzJMsJehXHO62XPFSEOh","Klartraum, Thalstroem, Vynyard",spotify:album:0LOf5wHQpw1ZhPLkO85Sw3,Enneagram Remixes,spotify:artist:1euztWfCX0SHe8U5XZT6dF,Klartraum,2017-02-06,https://i.scdn.co/image/ab67616d0000b2736105b132a6c95b12fa7314ba,1,13,680485,https://p.scdn.co/mp3-preview/6045302f3d46a4470fb5edf774c736c5d64bcee5?cid=9950ac751e34487dbbe027c4fd7f8e99,false,11,DEH741642405,spotify:user:31y34xgrkog23dmdfnzkikfstojq,2025-06-13T08:37:55Z
Dub Techno 2,dub_techno_2.csv,14,spotify:track:2ty596lPWm7Xo9IsBAdcKi,Bridging,"spotify:artist:53OYl3koYyBXu69JQeVe5D, spotify:artist:20erF0KNl2867pn4Ma9FvV","Van Bonn, Upwellings",spotify:album:4YaoVVTqTN6b3MzYPjymVK,Cloudwalker,"spotify:artist:53OYl3koYyBXu69JQeVe5D, spotify:artist:20erF0KNl2867pn4Ma9FvV","Van Bonn, Upwellings",2022-04-01,https://i.scdn.co/image/ab67616d0000b27383abba0cb88e9a190cd6eadb,1,2,440478,https://p.scdn.co/mp3-preview/a929cd1ac7ad961887f9ff7f0af8c214be1a90d4?cid=9950ac751e34487dbbe027c4fd7f8e99,false,16,DECY52101766,spotify:user:31y34xgrkog23dmdfnzkikfstojq,2025-06-13T08:39:06Z
Dub Techno 2,dub_techno_2.csv,15,spotify:track:2e2Ed0leZXuyivlDuURv6Z,Chevy Scene,spotify:artist:4EVgNJzfj8zA20e4Q4sv7x,Khristian K,spotify:album:6ci2KUbJ0gKXVSBeTjoEwo,Kolmanskop,spotify:artist:4EVgNJzfj8zA20e4Q4sv7x,Khristian K,2014-01-07,https://i.scdn.co/image/ab67616d0000b273c3a940005d510615ab6bb20d,1,1,558498,https://p.scdn.co/mp3-preview/5168de26f18bc221cdef89c242686312a3f8b26b?cid=9950ac751e34487dbbe027c4fd7f8e99,false,17,DEH741311487,spotify:user:31y34xgrkog23dmdfnzkikfstojq,2025-06-13T08:40:13Z
Dub Techno 2,dub_techno_2.csv,16,spotify:track:69R2cy9661tyE7yqqGM7Ct,Mirror Dub,spotify:artist:3SlLKPEWkqqxLWNar2H9WY,Biodub,spotify:album:2704FGNYer2PVEU88PjVVG,Mirage,spotify:artist:3SlLKPEWkqqxLWNar2H9WY,Biodub,2019-04-25,https://i.scdn.co/image/ab67616d0000b2733e189a5f2957d517ca350cdd,1,1,465517,https://p.scdn.co/mp3-preview/7cc610e92f15203322332e7cc175dfd4d0f57275?cid=9950ac751e34487dbbe027c4fd7f8e99,false,27,GB8KE1950248,spotify:user:31y34xgrkog23dmdfnzkikfstojq,2025-06-13T08:41:23Z
Dub Techno 2,dub_techno_2.csv,17,spotify:track:3lo0TUUH8RBe3RaacV5CJF,Backward,spotify:artist:2xBjIclLb9V8Q26jsZqWGj,Brickman,spotify:album:72NevgD4TY58xdvLtLppe5,The Dark,spotify:artist:2xBjIclLb9V8Q26jsZqWGj,Brickman,2012-05-22,https://i.scdn.co/image/ab67616d0000b273c9c17b8248fd40eab8539dde,1,4,347803,https://p.scdn.co/mp3-preview/6ede6afd6d018731df15b535676eb1598c89e7d0?cid=9950ac751e34487dbbe027c4fd7f8e99,false,15,DEH741203225,spotify:user:31y34xgrkog23dmdfnzkikfstojq,2025-06-13T08:41:40Z
Dub Techno 2,dub_techno_2.csv,18,spotify:track:7yyHA2crRo1M9q5QaVEIfV,Enteignet - Matthias Springer Granular Submissive Dub,"spotify:artist:4fhiKBo4TKT0K9eSdi1kg8, spotify:artist:5MZ91wXNymQkBfMOZoLp2S","Markus Rassiller, Matthias Springer",spotify:album:5diDVwrz2E5ktJQg65vKGS,Enteignet,"spotify:artist:4fhiKBo4TKT0K9eSdi1kg8, spotify:artist:5MZ91wXNymQkBfMOZoLp2S","Markus Rassiller, Matthias Springer",2021-06-04,https://i.scdn.co/image/ab67616d0000b273b9b11eecf5629956913b6b84,1,6,407586,https://p.scdn.co/mp3-preview/b56ebc8d2ae8f1d2622fc5e1ab442c474e1e33e1?cid=9950ac751e34487dbbe027c4fd7f8e99,false,5,DEH742161565,spotify:user:31y34xgrkog23dmdfnzkikfstojq,2025-06-13T08:58:12Z
Dub Techno 2,dub_techno_2.csv,19,spotify:track:5bN5YKq4RTA5aB9xDGzyG4,Cords,spotify:artist:2k41z69v2SJ6bTgBvHxHEx,Basicnoise,spotify:album:1TjceVoYd2dpN9Xca9ljxJ,Cords / Response,spotify:artist:2k41z69v2SJ6bTgBvHxHEx,Basicnoise,2018-11-30,https://i.scdn.co/image/ab67616d0000b27370722abee6d5c8aed9a59613,1,1,649074,https://p.scdn.co/mp3-preview/db1ff545419192b67f978cee8c6e0b1caebdbca6?cid=9950ac751e34487dbbe027c4fd7f8e99,false,0,FRX201807752,spotify:user:31y34xgrkog23dmdfnzkikfstojq,2025-06-29T08:53:46Z
Dub Techno 2,dub_techno_2.csv,20,spotify:track:0phWblINa2CFZmZsPwjv1F,Tapes + Squids,"spotify:artist:13NhdveBzN2Yh2elbf1rLs, spotify:artist:3ONUPwHnwGpv2OXr21sqdb","Pablo Bolivar, Sensual Physics",spotify:album:1sEjz3V5GannGKUFZGVwWc,Details Am Rande,"spotify:artist:13NhdveBzN2Yh2elbf1rLs, spotify:artist:3ONUPwHnwGpv2OXr21sqdb","Pablo Bolivar, Sensual Physics",2022-09-23,https://i.scdn.co/image/ab67616d0000b273e31f5214df3355c06c8f0560,1,8,388284,https://p.scdn.co/mp3-preview/b9bcd6d29e40f2d8cb2a1484bdca951bd4d49965?cid=9950ac751e34487dbbe027c4fd7f8e99,false,27,DEPI82214669,spotify:user:31y34xgrkog23dmdfnzkikfstojq,2025-06-29T08:55:31Z
Dub Techno 2,dub_techno_2.csv,21,spotify:track:0uX65S9mUj9xBQZO6YC9bh,Sonnenstrahl - Red Mix,spotify:artist:1NNz8MtqvD8S4axNyCv8DE,Dycide,spotify:album:24ZS9sBpo2tznM6ysqiLBt,Rhizome 02,spotify:artist:0LyfQWJT6nXafLPZqxe9Of,Various Artists,2019-05-08,https://i.scdn.co/image/ab67616d0000b273dfac86e4352cef52b2f96bc6,1,8,452919,https://p.scdn.co/mp3-preview/f071866fa750ce3b67c88576d60fb96a86eb762f?cid=9950ac751e34487dbbe027c4fd7f8e99,false,20,US83Z1911549,spotify:user:31y34xgrkog23dmdfnzkikfstojq,2025-06-29T09:08:30Z
Dub Techno 2,dub_techno_2.csv,22,spotify:track:6NF9WN4ZoZyxcwmduLUK2c,Asaka,spotify:artist:1MHqWkB6mHZcnRNYo6MGEu,Mathimidori,spotify:album:7hZnIj4TrPyFvqpQdNBHC9,Akebono,spotify:artist:1MHqWkB6mHZcnRNYo6MGEu,Mathimidori,2020-10-23,https://i.scdn.co/image/ab67616d0000b273d7d9beb7fbdcdc6ac432726c,1,6,441618,https://p.scdn.co/mp3-preview/503f4da0bad6896f064029f021e6a7fda1c78add?cid=9950ac751e34487dbbe027c4fd7f8e99,false,34,DEU672001827,spotify:user:31y34xgrkog23dmdfnzkikfstojq,2025-06-29T09:09:23Z
Minimal Tech,minimal_tech.csv,2,spotify:track:2RUAVkfoD195Uvm0cJagnI,Antithesis - Original Mix,"spotify:artist:0DfYCARYRJ4vlSWlief3jv, spotify:artist:1RkMTutQy9emzDUE2Cknxe","Archie Hamilton, Patrice Meiner",spotify:album:1n0gUaeryZEyduFdRwJZp6,Antithesis EP,"spotify:artist:0DfYCARYRJ4vlSWlief3jv, spotify:artist:1RkMTutQy9emzDUE2Cknxe","Archie Hamilton, Patrice Meiner",2013-01-01,https://i.scdn.co/image/ab67616d0000b273cf20076af2e9f12375851503,1,1,415081,,false,0,FR6V81920515,spotify:user:31y34xgrkog23dmdfnzkikfstojq,2025-04-27T07:33:04Z
Minimal Tech,minimal_tech.csv,3,spotify:track:1JkblQBcn9NCkKPmYbzPbO,Move Data,"spotify:artist:6PoNpEAxtZdVzZ41Mt8MMf, spotify:artist:1RkMTutQy9emzDUE2Cknxe","Alejandro Vivanco, Patrice Meiner",spotify:album:4jwY1r94He0xAwHAh0Ov4B,Move Data,"spotify:artist:6PoNpEAxtZdVzZ41Mt8MMf, spotify:artist:1RkMTutQy9emzDUE2Cknxe","Alejandro Vivanco, Patrice Meiner",2023-07-14,https://i.scdn.co/image/ab67616d0000b2737982fed086535ae443e8f683,1,1,526490,https://p.scdn.co/mp3-preview/09828242084bd73e3897ddf01d60750e106db20c?cid=9950ac751e34487dbbe027c4fd7f8e99,false,0,GBKQU2360915,spotify:user:31y34xgrkog23dmdfnzkikfstojq,2025-04-27T07:33:10Z
Minimal Tech,minimal_tech.csv,4,spotify:track:52Ht9DhQaOhHoFkX3McbkY,Ira,"spotify:artist:39IzkrOknYmLZldIQFHiLk, spotify:artist:5UQ8DTCp5aRPCeoFoyx77n","Counrad, Chad Andrew",spotify:album:7iWhqbvwPZ9x3fk1iZfAZS,Resurrecturi EP,"spotify:artist:39IzkrOknYmLZldIQFHiLk, spotify:artist:5UQ8DTCp5aRPCeoFoyx77n","Counrad, Chad Andrew",2014,https://i.scdn.co/image/ab67616d0000b273b9535dba7628fecb18df524e,1,2,436097,https://p.scdn.co/mp3-preview/c1521fd11be32225de3b7aec82d6dfa0d7d012f0?cid=9950ac751e34487dbbe027c4fd7f8e99,false,0,USLZJ1659185,spotify:user:31y34xgrkog23dmdfnzkikfstojq,2025-04-27T07:33:27Z
Minimal Tech,minimal_tech.csv,5,spotify:track:10rK5d9ESPy2x5Cf4jV2Q2,Zorian,"spotify:artist:39IzkrOknYmLZldIQFHiLk, spotify:artist:5UQ8DTCp5aRPCeoFoyx77n","Counrad, Chad Andrew",spotify:album:7iWhqbvwPZ9x3fk1iZfAZS,Resurrecturi EP,"spotify:artist:39IzkrOknYmLZldIQFHiLk, spotify:artist:5UQ8DTCp5aRPCeoFoyx77n","Counrad, Chad Andrew",2014,https://i.scdn.co/image/ab67616d0000b273b9535dba7628fecb18df524e,1,3,438387,https://p.scdn.co/mp3-preview/5567d8c9586d8e624317d5a14d7dc9691d101e02?cid=9950ac751e34487dbbe027c4fd7f8e99,false,0,USLZJ1659301,spotify:user:31y34xgrkog23dmdfnzkikfstojq,2025-04-27T07:33:27Z
Minimal Tech,minimal_tech.csv,6,spotify:track:5vlvIbCYpnLazwCIce03Hr,"Android Ghost - Fulvio Ruffert, Gregorio Serasin Soft Remix","spotify:artist:5MWEieTvqxhPiVWxH3Klgu, spotify:artist:6YazqDIO38bY1CIgE0bCh9, spotify:artist:1Br9C1nS5SGbqJ7h1YkH29","Everdom, Fulvio Ruffert, Gregorio Serasin",spotify:album:4xqUTYQhrLq90UcNpP2tvj,Android Ghost,spotify:artist:5MWEieTvqxhPiVWxH3Klgu,Everdom,2016-05-02,https://i.scdn.co/image/ab67616d0000b2736a4e952ec7f9554707c78d6b,1,2,408375,https://p.scdn.co/mp3-preview/f071340ae5eacba8c74b61ed4bffc7ad8a74df4b?cid=9950ac751e34487dbbe027c4fd7f8e99,false,0,CA5KR1517509,spotify:user:31y34xgrkog23dmdfnzkikfstojq,2025-04-27T07:33:27Z
Minimal Tech,minimal_tech.csv,7,spotify:track:0UL6twxZQKc1DfbYYE6KhZ,Azul,"spotify:artist:3jhqMAvOzr6F5W9Xi7gMmD, spotify:artist:5oVWydmFMTYaouKugbGMZQ","Lohan P. Raw, Noay Jabok",spotify:album:6QuhDvtTYK55NUYHwslydG,Mocking Gay,"spotify:artist:3jhqMAvOzr6F5W9Xi7gMmD, spotify:artist:5oVWydmFMTYaouKugbGMZQ","Lohan P. Raw, Noay Jabok",2015-09-21,https://i.scdn.co/image/ab67616d0000b27386910a0ce32385ff3ce1a809,1,2,384793,https://p.scdn.co/mp3-preview/4b9e93ff34185bfb39adf7d74e6fb09d3d8f5eb4?cid=9950ac751e34487dbbe027c4fd7f8e99,false,0,GBWUL1577625,spotify:user:31y34xgrkog23dmdfnzkikfstojq,2025-04-27T07:34:17Z
Minimal Tech,minimal_tech.csv,8,spotify:track:1nHLY1ZVFMRc6wiEMwVKBt,Romanian Impulse,"spotify:artist:5qqCezXCbwvs1gR73rSG6q, spotify:artist:2k61H7ZWqWPecwlZn7Rncf","MaX (italy), Federico Mandelli",spotify:album:4GXd9jvYN0zwFT3FGP9q8R,Break the Sun,"spotify:artist:5qqCezXCbwvs1gR73rSG6q, spotify:artist:2k61H7ZWqWPecwlZn7Rncf","MaX (italy), Federico Mandelli",2016-03-07,https://i.scdn.co/image/ab67616d0000b2734ae86bfbd761bef16b4aa260,1,2,385785,https://p.scdn.co/mp3-preview/221f20f6eaeae9ae636a6b0b27406582c13adb8d?cid=9950ac751e34487dbbe027c4fd7f8e99,false,0,DEH741513740,spotify:user:31y34xgrkog23dmdfnzkikfstojq,2025-04-27T07:34:21Z
Minimal Tech,minimal_tech.csv,9,spotify:track:35xv08u4zS456ugG6KLkIb,Residual Original mix),spotify:artist:4UkbFX8otSMliZsBcYSfVw,Herck,spotify:album:6oLbWOArU5bRRoqTJTlC8w,Residual,spotify:artist:4UkbFX8otSMliZsBcYSfVw,Herck,2017-09-04,https://i.scdn.co/image/ab67616d0000b273c5735fc0c037982723686758,1,1,506879,https://p.scdn.co/mp3-preview/f2e1d3d9daf8c220882c499e36fce8d8d3fcfaa7?cid=9950ac751e34487dbbe027c4fd7f8e99,false,0,CA5KR1569655,spotify:user:31y34xgrkog23dmdfnzkikfstojq,2025-04-27T07:35:36Z
Minimal Tech,minimal_tech.csv,10,spotify:track:7oAz5LEWBYmZ7tBiGqdMUR,No More Sunshine,spotify:artist:4UkbFX8otSMliZsBcYSfVw,Herck,spotify:album:4DZAR3gTEftWATyZ9o5vNo,Mind of Mine,spotify:artist:4UkbFX8otSMliZsBcYSfVw,Herck,2023-04-18,https://i.scdn.co/image/ab67616d0000b273116b9acca0e01f22d36cd51c,1,2,673600,https://p.scdn.co/mp3-preview/641f3c9d2c996a389037e0673319776a580fbf04?cid=9950ac751e34487dbbe027c4fd7f8e99,false,0,CA5KR2340586,spotify:user:31y34xgrkog23dmdfnzkikfstojq,2025-04-27T07:35:40Z
Minimal Tech,minimal_tech.csv,11,spotify:track:0rHoRKLZGy4nDOJqMxVAtD,Mondo Beat,spotify:artist:2XVw6ZYTjkZplBTY85JgTV,Zolbaran,spotify:album:0nO1XCBoYYSJLeaUrcKzGb,Musica Lunar 2,spotify:artist:0LyfQWJT6nXafLPZqxe9Of,Various Artists,2020-07-23,https://i.scdn.co/image/ab67616d0000b27307c305d725804ee88c9fcbaf,1,55,433680,https://p.scdn.co/mp3-preview/ccf2afb60f75c653be1003c734c2143502b24027?cid=9950ac751e34487dbbe027c4fd7f8e99,false,0,GBKQU2067482,spotify:user:31y34xgrkog23dmdfnzkikfstojq,2025-04-27T07:35:59Z
Minimal Tech,minimal_tech.csv,12,spotify:track:6KjXeVsJ6ycAeyz0CTreyg,Innerspace,spotify:artist:5qgzAZJrqJU8LTEE8jQEKN,Julie Marghilano,spotify:album:3K2edBi9lF1CG3Bg1aI8n1,Inner Space,spotify:artist:5qgzAZJrqJU8LTEE8jQEKN,Julie Marghilano,2016-03-22,https://i.scdn.co/image/ab67616d0000b2738371240959e1ae68c30bbb01,1,1,404500,,false,0,DEY471981275,spotify:user:31y34xgrkog23dmdfnzkikfstojq,2025-04-27T07:36:55Z
Minimal Tech,minimal_tech.csv,13,spotify:track:187NcewWlgNxOhVSAeYlqk,Edificio - Audio Injection Remix,spotify:artist:0f4ne0cd4tbiZCLzpb1QoX,Developer,spotify:album:6SIZazXyX4Di65O4wcVRAC,Edificio,spotify:artist:0f4ne0cd4tbiZCLzpb1QoX,Developer,2010-12-09,https://i.scdn.co/image/ab67616d0000b273a4a07ed04daf98da04562ce1,1,4,419638,https://p.scdn.co/mp3-preview/6000191d7aa9737ec1634c1b405f52f349f8366e?cid=9950ac751e34487dbbe027c4fd7f8e99,false,0,NLPJ61000004,spotify:user:31y34xgrkog23dmdfnzkikfstojq,2025-04-27T07:37:10Z
Minimal Tech,minimal_tech.csv,14,spotify:track:741xsjLrrjIkriSh5mxHa8,Almost - Ion Ludwig Remix,"spotify:artist:4diftXKQzbbRdtMzhQD8ZS, spotify:artist:2eIE5Dvr2nBsaZXDdgS4HW","Andrea Ferlin, Ion Ludwig",spotify:album:2jzslD9uV551qCJdiKIzOx,Almost,spotify:artist:4diftXKQzbbRdtMzhQD8ZS,Andrea Ferlin,2024-03-18,https://i.scdn.co/image/ab67616d0000b273c664c85a848d86954fc5a0eb,1,2,764542,https://p.scdn.co/mp3-preview/18a3fd13188731a1d47c29f43e9e6c4b3b874874?cid=9950ac751e34487dbbe027c4fd7f8e99,false,4,QZMHP2466474,spotify:user:31y34xgrkog23dmdfnzkikfstojq,2025-04-27T07:37:18Z
Minimal Tech,minimal_tech.csv,15,spotify:track:55CKpbJnASHaSwk0vqE61B,render_004_nue,spotify:artist:0ObmdBK85CrnpvUpDNt5l2,El Choop,spotify:album:1UFa5dhGsA1L4cM4qSFQbB,render_series,spotify:artist:0ObmdBK85CrnpvUpDNt5l2,El Choop,2019-07-12,https://i.scdn.co/image/ab67616d0000b273d35c831712971ee9c4222aa1,1,4,382750,https://p.scdn.co/mp3-preview/5e42c3998b531353bc0ce8b71b0793d2de05de5d?cid=9950ac751e34487dbbe027c4fd7f8e99,false,1,LTE231900037,spotify:user:31y34xgrkog23dmdfnzkikfstojq,2025-04-27T07:37:58Z
Minimal Tech,minimal_tech.csv,16,spotify:track:2AbZjGsjiMQda2GF9XdiO8,David Vincent's Blues - Klartraum Vortex Remix,spotify:artist:6VPQvrpzt328DmG3dmLbhE,Silicone Soul,spotify:album:1d4dqNhmXtNlBiAJ9LpWlT,Silicone Soul Remixed,spotify:artist:6VPQvrpzt328DmG3dmLbhE,Silicone Soul,2010-05-30,https://i.scdn.co/image/ab67616d0000b27354bc3ce832c4f32c057ef40a,1,4,515203,https://p.scdn.co/mp3-preview/3864e0d6f54cdd256f293827115162a960543d79?cid=9950ac751e34487dbbe027c4fd7f8e99,false,0,GBBVL1002824,spotify:user:31y34xgrkog23dmdfnzkikfstojq,2025-04-27T07:38:22Z
Minimal Tech,minimal_tech.csv,17,spotify:track:65Zq29ZSomb8wzh0wMFdhI,Nico - Original,spotify:artist:6xQl47XhgUy25P5BL4vBgo,Dudley Strangeways,spotify:album:6c5nowzZeNKJzJLqT6PB9Q,Crack the Whip,spotify:artist:6xQl47XhgUy25P5BL4vBgo,Dudley Strangeways,2016-06-03,https://i.scdn.co/image/ab67616d0000b2734c129b4732f319612de3b851,1,3,495361,https://p.scdn.co/mp3-preview/5fe98d43db9b945a575890e3d623dd48e53d697a?cid=9950ac751e34487dbbe027c4fd7f8e99,false,0,US4LK1602693,spotify:user:31y34xgrkog23dmdfnzkikfstojq,2025-04-29T07:04:28Z
Minimal Tech,minimal_tech.csv,18,spotify:track:1tnEW0DxTaDW4ai2ZWmDzH,Balloc - Original Mix,"spotify:artist:27ZKxWfGQKcocaE53UPTJd, spotify:artist:6wZe2toQZgRHzMW0pkkgd1","Brandon Andrews, Kenny Hope",spotify:album:2nKAmFpXWTAcKUfaRTzmbl,Basement Chants Vol.1,spotify:artist:0LyfQWJT6nXafLPZqxe9Of,Various Artists,2014-12-26,https://i.scdn.co/image/ab67616d0000b2737b2452b5cd773430eb5ec898,1,4,424740,https://p.scdn.co/mp3-preview/393ff6135e2b0603da710c4d067b554254b6a652?cid=9950ac751e34487dbbe027c4fd7f8e99,false,0,CA5KR1058271,spotify:user:31y34xgrkog23dmdfnzkikfstojq,2025-04-29T07:09:40Z
Minimal Tech,minimal_tech.csv,19,spotify:track:2LG1lZ9aYa12TYbPv8tCAr,Mendigando amor - Mazel Source Remix,"spotify:artist:04F3WqNi9eBXgapZLK6roz, spotify:artist:141j6XRBh30RB2GsYeRM8O","Feder, Mazel Source",spotify:album:1R1uT3IpaQVKgMG8aQBJgR,Two hundred reasons and thirty shots,spotify:artist:0LyfQWJT6nXafLPZqxe9Of,Various Artists,2016-07-25,https://i.scdn.co/image/ab67616d0000b273fc59de28f85b7ce90e1aeab9,1,17,445375,https://p.scdn.co/mp3-preview/4624df55b3bf6a3de51e90bac70acc81249da8a8?cid=9950ac751e34487dbbe027c4fd7f8e99,false,0,CA5KR1525281,spotify:user:31y34xgrkog23dmdfnzkikfstojq,2025-04-29T07:09:53Z
Minimal Tech,minimal_tech.csv,20,spotify:track:3OudTHVu5qAZXc3sgkhdlv,Numero 2,"spotify:artist:4129HPJPawjUH2ttSXLdTQ, spotify:artist:6EIy9BdHGGzEPbasqwMabi","Shaun Reeves, Tuccillo",spotify:album:1935QNsvcOzLfoZRZ9jPEs,Shantu Ep,"spotify:artist:4129HPJPawjUH2ttSXLdTQ, spotify:artist:6EIy9BdHGGzEPbasqwMabi","Shaun Reeves, Tuccillo",2021-12-28,https://i.scdn.co/image/ab67616d0000b2739119a5f179657c4ee8a169c9,1,3,454328,https://p.scdn.co/mp3-preview/b4c10f593d15d12f8e0476e11acdc77713b5e3a2?cid=9950ac751e34487dbbe027c4fd7f8e99,false,0,GBLV62125536,spotify:user:31y34xgrkog23dmdfnzkikfstojq,2025-04-29T07:13:06Z
Minimal Tech,minimal_tech.csv,21,spotify:track:4TN1zlECgrIRfnA9AeLahB,Fill Callings,"spotify:artist:4129HPJPawjUH2ttSXLdTQ, spotify:artist:6EIy9BdHGGzEPbasqwMabi","Shaun Reeves, Tuccillo",spotify:album:5phdukO0DIfmtANsQG0x04,Fill Callings EP,"spotify:artist:4129HPJPawjUH2ttSXLdTQ, spotify:artist:6EIy9BdHGGzEPbasqwMabi","Shaun Reeves, Tuccillo",2020-01-31,https://i.scdn.co/image/ab67616d0000b273fe852df260834401c790232c,1,1,451078,https://p.scdn.co/mp3-preview/f0afe93fe333f62f5752d06e3eb0146b44e47781?cid=9950ac751e34487dbbe027c4fd7f8e99,false,1,GBJX33720001,spotify:user:31y34xgrkog23dmdfnzkikfstojq,2025-04-29T07:14:11Z
Minimal Tech,minimal_tech.csv,22,spotify:track:7AJnJ8rIzzwdKYHRU2fSFc,Tessera,"spotify:artist:4129HPJPawjUH2ttSXLdTQ, spotify:artist:6EIy9BdHGGzEPbasqwMabi","Shaun Reeves, Tuccillo",spotify:album:1sdRhsNghG5cdSkGZFTh25,Superstitions EP,"spotify:artist:4129HPJPawjUH2ttSXLdTQ, spotify:artist:6EIy9BdHGGzEPbasqwMabi","Shaun Reeves, Tuccillo",2019-03-01,https://i.scdn.co/image/ab67616d0000b273aa45f5f21a92f58ea8aba821,1,4,401040,https://p.scdn.co/mp3-preview/a3aa3c27d598e619dbd74b07b0a777c782ded516?cid=9950ac751e34487dbbe027c4fd7f8e99,false,0,GBV8E1661057,spotify:user:31y34xgrkog23dmdfnzkikfstojq,2025-04-29T07:14:45Z
Minimal Tech,minimal_tech.csv,23,spotify:track:3b6bwfmQwiEJDCAriI4Q1b,Tu Soffoques - Original Mix,"spotify:artist:1TdIXhv61KZmCEXL1HKwSG, spotify:artist:7poxErgF0wmd842zcBeftT","Alex Piccini, Proudly People",spotify:album:7MpW5djGhBGyxW2Mfh8FyG,Tu Soffoques - EP,"spotify:artist:1TdIXhv61KZmCEXL1HKwSG, spotify:artist:7poxErgF0wmd842zcBeftT","Alex Piccini, Proudly People",2024-05-17,https://i.scdn.co/image/ab67616d0000b273102cd1ae5966fa3caf26d9e9,1,1,450000,https://p.scdn.co/mp3-preview/ffaaccfadb949c60defec795ec655763e5ab77c9?cid=9950ac751e34487dbbe027c4fd7f8e99,false,1,UKU932460539,spotify:user:31y34xgrkog23dmdfnzkikfstojq,2025-05-08T05:53:02Z
Minimal Tech,minimal_tech.csv,24,spotify:track:7JyuU5C2cqvy50iug90Hst,Saturn,spotify:artist:1tqkIR6875P3bWiO4fPCWl,Alann M,spotify:album:2qoYNfdR4VN01uwyrVwRId,Cronicas del Espacio,spotify:artist:1tqkIR6875P3bWiO4fPCWl,Alann M,2021-09-27,https://i.scdn.co/image/ab67616d0000b2738be95b902d88fefd886ca921,1,8,309921,https://p.scdn.co/mp3-preview/e49c2f13f1b0cfb4e21315be8e2ab84d6d9add2a?cid=9950ac751e34487dbbe027c4fd7f8e99,false,0,CA5KR2197687,spotify:user:31y34xgrkog23dmdfnzkikfstojq,2025-05-08T06:00:32Z
Dub House,dub_house.csv,2,spotify:track:3xrbgLPwAOx0YgnGlbcLB2,Come the Morning,"spotify:artist:2JOHMPfKqG3Z1C9PVc6pte, spotify:artist:3gEV8P51pTcOHiYkiPKiWk","Malin Genie, Selidos",spotify:album:0l74y2vGyxJn1vbrKYo6ZF,Come the Morning,"spotify:artist:2JOHMPfKqG3Z1C9PVc6pte, spotify:artist:3gEV8P51pTcOHiYkiPKiWk","Malin Genie, Selidos",2019-12-16,https://i.scdn.co/image/ab67616d0000b2730478174039557df8f929e996,1,1,445080,https://p.scdn.co/mp3-preview/8ebb831197d4379ae485fd6b5d442ea7ea0b919d?cid=9950ac751e34487dbbe027c4fd7f8e99,false,40,DEH741920647,spotify:user:31y34xgrkog23dmdfnzkikfstojq,2026-04-02T17:04:19Z
Dub House,dub_house.csv,3,spotify:track:5XK8RJtnozQTcLreZ75x3w,Slip,"spotify:artist:6fUBDklw2cffzrVU4phRKc, spotify:artist:76UMzIcqhjgf2Xr8gPdKO1, spotify:artist:0dns940bo2pILe1Flk0WH3","Jump Source, Priori, Patrick Holland",spotify:album:3RXuIZH1Xw6m9JE9rUY0es,JS01,"spotify:artist:6fUBDklw2cffzrVU4phRKc, spotify:artist:76UMzIcqhjgf2Xr8gPdKO1, spotify:artist:0dns940bo2pILe1Flk0WH3","Jump Source, Priori, Patrick Holland",2019-06-14,https://i.scdn.co/image/ab67616d0000b2732b4b2bcf4c731d088d5d906c,1,3,468923,https://p.scdn.co/mp3-preview/a6b9072db10a9dd9c224fa3982dfd7daf521e07f?cid=9950ac751e34487dbbe027c4fd7f8e99,false,41,CAGTW1900009,spotify:user:31y34xgrkog23dmdfnzkikfstojq,2026-04-02T17:04:52Z
Dub House,dub_house.csv,4,spotify:track:2EVxBZ0v3LEWqYrfW7YsWA,Echoes,spotify:artist:2gZsnEsBvdXe4JBS9l5Xtf,Janeret,spotify:album:0p8Xuo7FJalU6vKyzkX9Qe,"Various, Vol. 2",spotify:artist:0LyfQWJT6nXafLPZqxe9Of,Various Artists,2019-11-01,https://i.scdn.co/image/ab67616d0000b273ce259b78833d4ed81df3a530,1,6,447360,https://p.scdn.co/mp3-preview/dd50a788cae45e9295e41d49313c6604c455b536?cid=9950ac751e34487dbbe027c4fd7f8e99,false,38,GBKQU1950173,spotify:user:31y34xgrkog23dmdfnzkikfstojq,2026-04-02T17:05:06Z
Dub House,dub_house.csv,5,spotify:track:1HHOpbjJ2FxyPJ0S9zkJDi,The Foolish & The Senseless Alike,spotify:artist:2JOHMPfKqG3Z1C9PVc6pte,Malin Genie,spotify:album:4r5bHIWqptbAsiJbj6l9VX,Vixere II/II,spotify:artist:2JOHMPfKqG3Z1C9PVc6pte,Malin Genie,2021-01-01,https://i.scdn.co/image/ab67616d0000b273e41ecc7340247a48201d2606,1,4,335728,https://p.scdn.co/mp3-preview/70503e2efd93c7facefa40cf1f3c74dfb241a7a4?cid=9950ac751e34487dbbe027c4fd7f8e99,false,33,GBLV62027665,spotify:user:31y34xgrkog23dmdfnzkikfstojq,2026-04-02T17:05:37Z
Dub House,dub_house.csv,6,spotify:track:5oqAzyukSoNM2j3007uvPt,Schillerkiez - Burnski Remix,spotify:artist:4pKB4sDsrn5NZ5zcPGpMmC,Dj Honesty,spotify:album:4YOCzAcyXt8J46FwCIyR4d,Schillerkiez,spotify:artist:4pKB4sDsrn5NZ5zcPGpMmC,Dj Honesty,2016-02-08,https://i.scdn.co/image/ab67616d0000b27340f8f4294e30d74fd0f539eb,1,2,393535,https://p.scdn.co/mp3-preview/975aa797769c637a59a314614eefa93e3586c50c?cid=9950ac751e34487dbbe027c4fd7f8e99,false,43,UKACT1660221,spotify:user:31y34xgrkog23dmdfnzkikfstojq,2026-04-02T17:05:48Z
Dub House,dub_house.csv,7,spotify:track:3r0WJvsayPYKUfMfqbySXx,Breeze,spotify:artist:3weetANlzOcw3zUhhK8oEQ,Havantepe,spotify:album:0PJIgItPszhbEmiWFpswTl,"Field of Possibilities, Pt. 1","spotify:artist:4RiS9upIWfYxyu1HqjMWt6, spotify:artist:0J7SAkgnykwm1ttmvJz4pN, spotify:artist:13yxrfffATY5qaFQhC5XLN","Exos, Pavel Iudin, Haventepe",2019-02-11,https://i.scdn.co/image/ab67616d0000b273593c0938ef544ae47bc093a8,1,3,367868,https://p.scdn.co/mp3-preview/a35f90bc4a4aead6f0a5217be1eaeb50037f3f9d?cid=9950ac751e34487dbbe027c4fd7f8e99,false,22,DEH741901047,spotify:user:31y34xgrkog23dmdfnzkikfstojq,2026-04-02T17:07:10Z
Dub House,dub_house.csv,8,spotify:track:4pzpAPdFN0SLGx9oc5dagB,Mastodon,spotify:artist:2JOHMPfKqG3Z1C9PVc6pte,Malin Genie,spotify:album:4r5bHIWqptbAsiJbj6l9VX,Vixere II/II,spotify:artist:2JOHMPfKqG3Z1C9PVc6pte,Malin Genie,2021-01-01,https://i.scdn.co/image/ab67616d0000b273e41ecc7340247a48201d2606,1,3,410774,https://p.scdn.co/mp3-preview/51daf21c5eaee1566f41c8b207b62a6df0fe8298?cid=9950ac751e34487dbbe027c4fd7f8e99,false,34,GBLV62027664,spotify:user:31y34xgrkog23dmdfnzkikfstojq,2026-04-02T17:08:27Z
Dub House,dub_house.csv,9,spotify:track:6zlEULKutXw15S3t5U6d9v,Studio Artodo - Original Mix,spotify:artist:3weetANlzOcw3zUhhK8oEQ,Havantepe,spotify:album:6LyMuoTgGr69IXa8LAm5lp,250,"spotify:artist:5ZRxOT1SHE7tAzehgk24I7, spotify:artist:1wQ5vToXWsBLkqreSixBLU, spotify:artist:3weetANlzOcw3zUhhK8oEQ, spotify:artist:3U7VS6CCYQTl65zsyMRYlD","M.R.E., Blauert, Havantepe, Till Krüger",2025-08-04,https://i.scdn.co/image/ab67616d0000b2735f5340a1d4735ed936fab864,1,3,347160,https://p.scdn.co/mp3-preview/9245b1520d86057fbdbddc1745be8350829503f9?cid=9950ac751e34487dbbe027c4fd7f8e99,false,20,DEK602518003,spotify:user:31y34xgrkog23dmdfnzkikfstojq,2026-04-02T17:09:29Z
Dub House,dub_house.csv,10,spotify:track:4M8z6O2k2eHModYFDlbXsE,Muon,spotify:artist:3weetANlzOcw3zUhhK8oEQ,Havantepe,spotify:album:2ZHcSQhR6Bt9S00duFmNGk,Zero-G,spotify:artist:3weetANlzOcw3zUhhK8oEQ,Havantepe,2024-09-12,https://i.scdn.co/image/ab67616d0000b2731bfcd1390704cb021ae4343f,1,2,397003,https://p.scdn.co/mp3-preview/2fc030ec19a4715f97e683bad09c0a73917c51b8?cid=9950ac751e34487dbbe027c4fd7f8e99,false,15,US83Z2494756,spotify:user:31y34xgrkog23dmdfnzkikfstojq,2026-04-02T17:11:29Z
Dub House,dub_house.csv,11,spotify:track:2czYTMdH0NHczFsPBp9XRX,Close Your Eyes - Revelation Mix,spotify:artist:79cXluC4uiLHCejmM34tuI,Andre Kronert,spotify:album:6C0yQOXYZFCMkgQgsS9SjV,Close Your Eyes,spotify:artist:79cXluC4uiLHCejmM34tuI,Andre Kronert,2024-10-04,https://i.scdn.co/image/ab67616d0000b2735c52ff63e766e5e0506c12e2,1,2,368372,https://p.scdn.co/mp3-preview/d956391d307cd5b4f92e4eacaca10636e55d8002?cid=9950ac751e34487dbbe027c4fd7f8e99,false,23,DEH742433884,spotify:user:31y34xgrkog23dmdfnzkikfstojq,2026-04-02T17:11:54Z
Dub House,dub_house.csv,12,spotify:track:5eR16tlECWHjn5KIHqX2tF,Drifting Elements - Chris Lattner Remix [Mixed],"spotify:artist:5U0gqVS1vPHUyUGCdrlYOD, spotify:artist:5AmUDHl2DedYKL1y6cKxWP","Nadja Lind, Chris Lattner",spotify:album:4W6GxFn2J3frTfkVs9d1Tk,Lucid Summer Mix (DJ Mag),spotify:artist:5U0gqVS1vPHUyUGCdrlYOD,Nadja Lind,2025-07-04,https://i.scdn.co/image/ab67616d0000b27389df2669e6ef62bbeb1a8f44,1,6,349735,https://p.scdn.co/mp3-preview/88e995048abab10357f9e8b7407f71aab5ca5b8f?cid=9950ac751e34487dbbe027c4fd7f8e99,false,24,DEH742517800,spotify:user:31y34xgrkog23dmdfnzkikfstojq,2026-04-02T17:13:20Z
Dub House,dub_house.csv,13,spotify:track:457o5iisuqacHGvkVVZLrM,Communication,spotify:artist:7gnVQgU8hdW6wwl5lUERZY,Helly Larson,spotify:album:2tFNz8kjWIwQ4X9DrZeNXr,Moments,spotify:artist:7gnVQgU8hdW6wwl5lUERZY,Helly Larson,2019-01-14,https://i.scdn.co/image/ab67616d0000b273681566d1f705173d83fcd350,1,4,429151,https://p.scdn.co/mp3-preview/4639253a16953668914bf438cfd81e581fb037d8?cid=9950ac751e34487dbbe027c4fd7f8e99,false,31,DEH741646936,spotify:user:31y34xgrkog23dmdfnzkikfstojq,2026-04-02T17:16:53Z
Dub House,dub_house.csv,14,spotify:track:1VlORMN2f3ysAOanh6Uq8u,Lofoten,spotify:artist:4wTXdJW4CabMRwP9aGXO42,Dave Pad,spotify:album:66WytiQRg9BuHAAGhlmSbO,"Deep Value, Vol. 4 (Mixed by Pornbugs)",spotify:artist:0LyfQWJT6nXafLPZqxe9Of,Various Artists,2019-11-04,https://i.scdn.co/image/ab67616d0000b2738e5486314eda3f6bbe23c27d,1,1,453338,https://p.scdn.co/mp3-preview/89a723aef856036956d21bc9cd0a6a41bc2c9933?cid=9950ac751e34487dbbe027c4fd7f8e99,false,33,DEH741917439,spotify:user:31y34xgrkog23dmdfnzkikfstojq,2026-04-02T17:17:05Z
Dub House,dub_house.csv,15,spotify:track:24857FAbfoKbPEXICAYqGv,Panorama,spotify:artist:2xBjIclLb9V8Q26jsZqWGj,Brickman,spotify:album:2k24Z8BX5KaNr9IXPhxquy,"Echoes of the Past, Pt. 2",spotify:artist:2xBjIclLb9V8Q26jsZqWGj,Brickman,2025-08-29,https://i.scdn.co/image/ab67616d0000b27353c568a25e86187feb05bdb2,1,2,474253,https://p.scdn.co/mp3-preview/a0018e499c627a97ab8f273db427b8ee3bc0c53d?cid=9950ac751e34487dbbe027c4fd7f8e99,false,5,DEH742526052,spotify:user:31y34xgrkog23dmdfnzkikfstojq,2026-04-02T17:19:51Z
Dub House,dub_house.csv,16,spotify:track:3ilkEyg6OCtd9qCnOJkPzU,Winona,spotify:artist:3MkIU5jhXTMK9pYQTRVI6p,DJ BORING,spotify:album:3IxfZFzG7NM4rRovxBhguw,Winona,"spotify:artist:3MkIU5jhXTMK9pYQTRVI6p, spotify:artist:7rNlKf5vLZeBRPnjNO9sQJ","DJ BORING, Miagma",2017-06-09,https://i.scdn.co/image/ab67616d0000b273103f201624a024cbf1580ff3,1,1,511031,https://p.scdn.co/mp3-preview/0260fe8820e40e0f2c0e3b3dd5c8974da4c1b817?cid=9950ac751e34487dbbe027c4fd7f8e99,false,0,USQY51621229,spotify:user:31y34xgrkog23dmdfnzkikfstojq,2026-04-02T17:23:48Z
Dub House,dub_house.csv,17,spotify:track:3SWrKAeiYcHwHlV1UCJUUZ,Paraglider,spotify:artist:5UkiFliR04QerArR2tx2Hq,Dan Goul,spotify:album:2qsnp7EqXmcD02Zj68vbfk,Paraglider,spotify:artist:5UkiFliR04QerArR2tx2Hq,Dan Goul,2024-05-31,https://i.scdn.co/image/ab67616d0000b27336b2c1c8f9ab6b7c5334ba0b,1,4,480937,https://p.scdn.co/mp3-preview/0641ca81bc32d47cfa8cecdd198cb29de811a94d?cid=9950ac751e34487dbbe027c4fd7f8e99,false,28,DEH742413585,spotify:user:31y34xgrkog23dmdfnzkikfstojq,2026-04-02T17:26:16Z
Dub House,dub_house.csv,18,spotify:track:4AeSGui2rnVPELS09BeiGd,Low Tide,spotify:artist:5UkiFliR04QerArR2tx2Hq,Dan Goul,spotify:album:2qsnp7EqXmcD02Zj68vbfk,Paraglider,spotify:artist:5UkiFliR04QerArR2tx2Hq,Dan Goul,2024-05-31,https://i.scdn.co/image/ab67616d0000b27336b2c1c8f9ab6b7c5334ba0b,1,5,421475,https://p.scdn.co/mp3-preview/692e01772d8ca058873c9433b9ef28c9b5443c80?cid=9950ac751e34487dbbe027c4fd7f8e99,false,22,DEH742413586,spotify:user:31y34xgrkog23dmdfnzkikfstojq,2026-04-02T17:26:25Z
Dub House,dub_house.csv,19,spotify:track:1AdnsUb8TCOJSrtXEX2XlI,Do It Yourself,spotify:artist:1mYm4Pf6wKtOxySSzKOhoS,WK7,spotify:album:5qCXN6XfQEX0stubgQ64DY,Home. House. Hardcore.,"spotify:artist:5VKJLLauOecpruhxPw9qUS, spotify:artist:1mYm4Pf6wKtOxySSzKOhoS","Head High, WK7",2015-03-13,https://i.scdn.co/image/ab67616d0000b2738cb59a45084be54261fa0cdd,1,8,349634,https://p.scdn.co/mp3-preview/a63c9c9644a88e828d139058d5d2db4531771c55?cid=9950ac751e34487dbbe027c4fd7f8e99,false,16,DEPJ11030006,spotify:user:31y34xgrkog23dmdfnzkikfstojq,2026-04-02T17:26:43Z
Dub House,dub_house.csv,20,spotify:track:4SFEzGRviQqJpZHtQjDAA5,Lightyears,"spotify:artist:208EQzx7RmoE2Ng9gF2edh, spotify:artist:33GGoMV3iYpV5tlsh32N7q, spotify:artist:4ttW3XIF666GUYBF2tEMz9","Juan Atkins, Moritz Von Oswald, Borderland",spotify:album:7kTo32LJe7JOUiYnsATgLT,Juan Atkins & Moritz von Oswald Present Borderland: Transport,"spotify:artist:208EQzx7RmoE2Ng9gF2edh, spotify:artist:33GGoMV3iYpV5tlsh32N7q, spotify:artist:4ttW3XIF666GUYBF2tEMz9","Juan Atkins, Moritz Von Oswald, Borderland",2016-04-29,https://i.scdn.co/image/ab67616d0000b2732d7a3b44bf9103a2e31d1720,1,2,367500,https://p.scdn.co/mp3-preview/5cdbf82e572988f6a93f7ddd76fce8d803bee2d8?cid=9950ac751e34487dbbe027c4fd7f8e99,false,38,DEF271628502,spotify:user:31y34xgrkog23dmdfnzkikfstojq,2026-04-02T17:28:57Z
Dub House,dub_house.csv,21,spotify:track:041aWuHDMNtMScvTq94j8n,I Get This Feeling,spotify:artist:4wTXdJW4CabMRwP9aGXO42,Dave Pad,spotify:album:1XTdNshAS8jvpcRLUOj8Ap,Rotary Body,spotify:artist:4wTXdJW4CabMRwP9aGXO42,Dave Pad,2015-07-06,https://i.scdn.co/image/ab67616d0000b273fb0c3709f5efd99dc2d50e03,1,3,366829,https://p.scdn.co/mp3-preview/7d7650822c26ce51825535cacb324a0a4404e73b?cid=9950ac751e34487dbbe027c4fd7f8e99,false,44,DEKB71439015,spotify:user:31y34xgrkog23dmdfnzkikfstojq,2026-09-20T06:54:50Z
Dub House,dub_house.csv,22,spotify:track:5HHsGWnijpRPdZ1BFbidGg,Volver,spotify:artist:4wTXdJW4CabMRwP9aGXO42,Dave Pad,spotify:album:1XTdNshAS8jvpcRLUOj8Ap,Rotary Body,spotify:artist:4wTXdJW4CabMRwP9aGXO42,Dave Pad,2015-07-06,https://i.scdn.co/image/ab67616d0000b273fb0c3709f5efd99dc2d50e03,1,2,438048,https://p.scdn.co/mp3-preview/bbf2b29ce0fca22138174332a1e90603c28c07cf?cid=9950ac751e34487dbbe027c4fd7f8e99,false,35,DEKB71438988,spotify:user:31y34xgrkog23dmdfnzkikfstojq,2026-09-20T06:54:50Z
Dub House,dub_house.csv,23,spotify:track:6dJfpFoMtoy4fzQHpQORdT,Walk On,spotify:artist:4qG1qjeHfkASTdyRGbLWbV,FJAAK,spotify:album:190oA6CwDyIe8GB4UngMql,Mind Games EP,spotify:artist:4qG1qjeHfkASTdyRGbLWbV,FJAAK,2013-10-07,https://i.scdn.co/image/ab67616d0000b273458f89cccee4154901e45feb,1,2,403360,https://p.scdn.co/mp3-preview/b18c6fdd1affd9552636514d376b253806b52415?cid=9950ac751e34487dbbe027c4fd7f8e99,false,9,DEY470922381,spotify:user:31y34xgrkog23dmdfnzkikfstojq,2026-09-20T06:54:50Z
Dub House,dub_house.csv,24,spotify:track:2HhEEW7GDJjWMt9tZzufWL,It's Foggy Outside,spotify:artist:4i3y3MC57rWYNAdYlE6HM3,Harrison BDP,spotify:album:5Ey2QKJfC7nNaM3uBN1upO,ARS001,"spotify:artist:4i3y3MC57rWYNAdYlE6HM3, spotify:artist:39fRNBdxXgOflwRXilU6qX","Harrison BDP, Roberto (CA)",2019-02-02,https://i.scdn.co/image/ab67616d0000b2735a3f5fff087256d2b7ebaf30,1,1,598770,https://p.scdn.co/mp3-preview/4b15f49f4a1b17d9ac22e03995590426fc150653?cid=9950ac751e34487dbbe027c4fd7f8e99,false,0,GB8KE1858083,spotify:user:31y34xgrkog23dmdfnzkikfstojq,2026-09-20T06:54:50Z
Jungle / DnB,jungle_dnb.csv,2,spotify:track:5updfQssZ3S5hmPSyPhHdV,We Are I.E. - Original Extended Edit,spotify:artist:5FlgrBF71OneBX2lLRe4Tj,Lennie De Ice,spotify:album:6WxzGPzFFbOh5KfbT7IvdC,We Are I.E.,spotify:artist:5FlgrBF71OneBX2lLRe4Tj,Lennie De Ice,1999-06-21,https://i.scdn.co/image/ab67616d0000b27366416178e7d7446d7fd84211,1,7,298004,https://p.scdn.co/mp3-preview/6f5ce54fd2297628f358e54872510c7c57332105?cid=9950ac751e34487dbbe027c4fd7f8e99,false,0,GBY792100591,spotify:user:31y34xgrkog23dmdfnzkikfstojq,2024-10-30T12:11:00Z
Jungle / DnB,jungle_dnb.csv,3,spotify:track:6OUJ2IeI4r4V1wQpnKKdUi,Let Me Be Your Fantasy,spotify:artist:33ZOI0WTjYkLh5WuwucLhc,Baby D,spotify:album:01HN4Ld5TcQj5S545fFZAo,"Baby D, Best Of",spotify:artist:33ZOI0WTjYkLh5WuwucLhc,Baby D,2009-08-10,https://i.scdn.co/image/ab67616d0000b273a2a70acc5852ece0a38d4c7e,1,1,469395,https://p.scdn.co/mp3-preview/080f4d10fd9e21f80c9fcb0213a896184ffe5a97?cid=9950ac751e34487dbbe027c4fd7f8e99,false,0,GBBFF9200396,spotify:user:31y34xgrkog23dmdfnzkikfstojq,2024-10-30T12:11:09Z
Jungle / DnB,jungle_dnb.csv,4,spotify:track:5FxnV8Z1Kz9iZhfEp3cY5q,Anasthasia (Dub Mix),spotify:artist:7A6k2eqQT5MnGj6Mq9vwcS,T99,spotify:album:5dBbHlOTYGFwC9r3LzNwI7,Anasthasia,spotify:artist:7A6k2eqQT5MnGj6Mq9vwcS,T99,2005-01-24,https://i.scdn.co/image/ab67616d0000b2738215f56c3e6986b91cc7abc7,1,2,274906,https://p.scdn.co/mp3-preview/d22d7a582f70abeecf30fb10c619ef1120f1568a?cid=9950ac751e34487dbbe027c4fd7f8e99,false,0,GBBKS9100036,spotify:user:31y34xgrkog23dmdfnzkikfstojq,2024-10-30T12:11:26Z
Jungle / DnB,jungle_dnb.csv,5,spotify:track:7yGTvLbpijjKS6xzWz8NjY,Happiness,spotify:artist:12ANZns9LsQCSVZ3eVLmVZ,Sound De-Zign,spotify:album:4wPX46p1gxaXvDYLyWSGTn,We Love House - The Anthems,spotify:artist:0LyfQWJT6nXafLPZqxe9Of,Various Artists,2019-04-26,https://i.scdn.co/image/ab67616d0000b273b107b2d0ebe446c569ea4db0,1,16,185666,https://p.scdn.co/mp3-preview/79d4d964b56c7ab953ee75cc8d3ef0bb3fce15e2?cid=9950ac751e34487dbbe027c4fd7f8e99,false,13,NLE260500394,spotify:user:31y34xgrkog23dmdfnzkikfstojq,2024-11-20T05:49:07Z
